Nota Inspeção;Transferido para Disp Móvel;Nº Tarefa;Nº Ordem;Início Planejado;Duração;Descrição;Status;Final Planejado;Descrição Longa;ID do Objeto Real;Descr Objeto Real;Tipo Manut;Org Manutenção;Observação Interna;Tipo de Conexão Real;ID Ponto Teste;Início Fixo;Início Antecipado;Início Mais Recente;Últ Finalização;Início Real;Conclusão Real;Classe do Item;Origem da Classe do item;Função;Nome Função;Tipo Falha;ID Sintoma;Motivo;Descrição do Motivo;Detalhes Motivo;Componente com Falha;Descoberta;ID Classe;Apontado Por;Data do Relatório;Contato;N° Telefone Contato;E-mail;Cód Cliente;ID Contrato;Nº Linha;Autorização de Preço obrigatória;Coordenador;End Entrega;Cód Moeda;Tipo Ordem;Ref Ordem Cliente;N° Ref;Início Mais Recente do SLA;Conclusão Mais Recente SLA;Data da Resposta;Data Resolução;Nº da Ordem SLA;N° Linha Ordem SLA;Garantia Cliente;Tipo Garantia Cliente;ID Garantia Cliente;Descr Garantia Cliente;Garantia Fornec;Tipo Garantia Fornec;ID Garantia Fornec;Descr Garantia Fornecedor;Fornecedor;Descr Fornecedor;Permitir Visitas Múltiplas;Duração Mín Visita;Excluir da Programação;Serviço Crítico;Programação de Obstrutiva;Status Programação;Info Programação;Última Atualização MPB;Atribuições de Serviço Ativas;Req. de Aprov. Existente;Sign Off Executado;Projeto Vinculado;Preparado por;Progresso (%);Status Operacional;Descrição do Status Operacional;Tipo Status Operacional;ID Tarefa;Descrição de Cargo;ID Equipe;Descrição Equipe;Aviso;Texto Documento;Motivo do Cancelam.;Cancelar Descrição da Causa;Criado Por;Data de Criação;ID Roteiro;ID da Regra de Agrupamento do MP;Gerar Nota;ID Ação Executada;Descrição Ação Executada;Serviço Realizado;Ação Tomada;Fornecedor;Nome do Fornecedor;Coordenador do Contratante;Código de Custo Substituição;Descrição Código de Custo Substituição;Contabiliz Definitiva;ID Tarefa Móvel;Conexão de Origem;Site de Origem;ID de Origem;Descrição de Origem;Ref Origem 1;Ref Origem 2;Ref Origem 3;Ref Origem 4;Site;Empresa;Nº OS;ID do Objeto Apontado;Descrição do Objeto Apontado
;FALSE;202189;10;03/03/2026 07:30;1;Avaliação Psicosocial;Concluído;03/03/2026 09:00;;;;TREIN;OCGR;;EQUIPAMENTO;;;;;;03/03/2026 07:58;04/03/2026 13:05;;;;;;;;;;;;;JOAO.VICTOR;02/03/2026 09:58;;;;;;;FALSE;*;;BRL;SEO;;;;;;;;;FALSE;;;;FALSE;;;;;;FALSE;;FALSE;FALSE;2;;;;FALSE;FALSE;FALSE;FALSE;;100;;;;;;;;;FALSE;;;JOAO.VICTOR;02/03/2026 09:58;;;FALSE;;;;;;;;;;FALSE;;;;;;;;;;CGR;MSGAS;33737;;
;FALSE;202245;10;04/03/2026 08:00;1;Reunião - Apontamento de OSs meta 2026;Concluído;04/03/2026 09:00;;;;TREIN;OCGR;;EQUIPAMENTO;;;;;;04/03/2026 07:43;04/03/2026 13:06;;;;;;;;;;;;;JOAO.VICTOR;03/03/2026 14:56;;;;;;;FALSE;*;;BRL;SEO;;;;;;;;;FALSE;;;;FALSE;;;;;;FALSE;;FALSE;FALSE;2;Precisa de Reprogramação;;;FALSE;FALSE;FALSE;FALSE;;100;;;;;;;;;FALSE;;;JOAO.VICTOR;03/03/2026 14:56;;;FALSE;;;;;;;;;;FALSE;;;;;;;;;;CGR;MSGAS;33775;;
;FALSE;202671;10;;1;Coletar 4 estações no almoxarifado ;Concluído;;;;;;MCGR;;EQUIPAMENTO;;;;;;20/03/2026 10:22;20/03/2026 10:35;;;;;;;;;;;;;JOAO.VICTOR;20/03/2026 10:22;;;;;;;FALSE;*;;BRL;SEO;;;;;;;;;FALSE;;;;FALSE;;;;;;FALSE;;FALSE;FALSE;2;Precisa de Reprogramação;;;FALSE;FALSE;FALSE;FALSE;;100;;;;;;;;;FALSE;;;JOAO.VICTOR;20/03/2026 10:22;;;FALSE;;;Almoxarifado liberou apenas uma estação ;;;;;;;FALSE;T9644848;;;;;;;;;CGR;MSGAS;34013;;
;FALSE;202851;10;09/04/2026 08:00;7;Acompanhamento - Rua Viçosa;Concluído;09/04/2026 16:00;;;;ACOMP;TLG;;EQUIPAMENTO;;;;;;25/03/2026 08:01;09/04/2026 15:34;;;;;;;;;;;;;JOAO.VICTOR;24/03/2026 17:12;;;;;;;FALSE;*;;BRL;SEO;;;;;;;;;FALSE;;;;FALSE;;;;;;FALSE;;FALSE;FALSE;2;Precisa de Reprogramação;;;FALSE;FALSE;FALSE;FALSE;;100;;;;;;;;;FALSE;;;JOAO.VICTOR;24/03/2026 17:12;;;FALSE;;;;;;;;;;FALSE;;;;;;;;;;TLG;MSGAS;34089;;
;FALSE;203086;10;17/05/2024 08:00;0,25;Inspeção de Válvulas de PEAD - Válvulas de 89 a 97;Cancelado;17/05/2024 08:15;;;;;TLG;;EQUIPAMENTO;;;13/05/2024 08:00;;17/05/2024 17:00;;;;;;;;;;;;;;;JOAO.VICTOR;31/03/2026 17:38;;;;;;;FALSE;*;;BRL;SEO;;;;;;;;;FALSE;;;;FALSE;;;;;;FALSE;;FALSE;FALSE;2;;;;FALSE;FALSE;FALSE;FALSE;JOAO.VICTOR;0;;;;;;;;;FALSE;REPROG;REPROGRAMAÇÃO;JOAO.VICTOR;31/03/2026 17:38;VALV11;;FALSE;;;;;;;;;;FALSE;;;;;;;;;;TLG;MSGAS;34202;;
;FALSE;203088;10;01/04/2026 14:00;3;Inspeção rotineira de EMRP industrial;Concluído;01/04/2026 17:00;;TLG1-ERS;ESTAÇÃO DE REDUÇÃO SECUNDÁRIA;INSP;TLG;;EQUIPAMENTO;;;07/07/2025 08:00;;11/07/2025 17:00;01/04/2026 15:31;07/04/2026 09:12;EMRP_IND;EQUIPAMENTO;;;;;;;;;;;JOAO.VICTOR;31/03/2026 17:41;;;;;;;FALSE;*;;BRL;SEO;;;;;;;;;FALSE;;;;FALSE;;;;;;FALSE;;FALSE;FALSE;2;Precisa de Reprogramação;;;FALSE;FALSE;FALSE;FALSE;JOAO.VICTOR;100;OPE;OPERANDO;Não Obstrutivo;1;Inspeção rotineira de EMRP industrial;;;;FALSE;;;JOAO.VICTOR;31/03/2026 17:41;;;FALSE;;;;;;;;;;FALSE;;AÇÃO DE MP;;5425-2;;5425;2;5;1;TLG;MSGAS;34204;TLG1-ERS;ESTAÇÃO DE REDUÇÃO SECUNDÁRIA
;FALSE;203089;10;01/04/2026 16:00;0,75;Passar plantão - Vermelho;Concluído;01/04/2026 16:45;;;;TRC0800;TLG;;EQUIPAMENTO;;;;;;01/04/2026 14:05;01/04/2026 14:59;;;;;;;;;;;;;JOAO.VICTOR;31/03/2026 17:42;;;;;;;FALSE;*;;BRL;SEO;;;;;;;;;FALSE;;;;FALSE;;;;;;FALSE;;FALSE;FALSE;2;Precisa de Reprogramação;;;FALSE;FALSE;FALSE;FALSE;;100;NAP;NÃO APLICAVEL;Não Obstrutivo;1;Realizar checklist na viatura antes da transferência do 0800: Verificar ítens listados. Informar conformidade dos itens. Fazer observações, se necessário. Remover todos os itens de uso individual de cada TOM.;;;;FALSE;;;JOAO.VICTOR;31/03/2026 17:42;;;FALSE;;;;;;;;;;FALSE;;OPERAÇÃO MODELO TAREFA;;TRANSF_0800-CGR:4:1;TRANSFERÊNCIA 0800;TRANSF_0800-CGR;4;1;;TLG;MSGAS;34205;;
;FALSE;203142;10;10/04/2026 08:00;2,25; Inspeção de Válvulas de PEAD -Válvulas de 44 a 52;Concluído;10/04/2026 10:15;;;;;TLG;;EQUIPAMENTO;;;06/04/2026 08:00;;10/04/2026 17:00;09/04/2026 13:52;09/04/2026 16:57;;;;;;;;;;;;;GIULIO;06/04/2026 07:17;;;;;;;FALSE;*;;BRL;SEO;;;;;;;;;FALSE;;;;FALSE;;;;;;FALSE;;FALSE;FALSE;2;;;;FALSE;FALSE;FALSE;FALSE;LAILA.ESTAGIO;100;;;;;;;;;FALSE;;;GIULIO;06/04/2026 07:17;VALV6;;FALSE;;;;;;;;;;FALSE;;;;;;;;;;TLG;MSGAS;34237;;
;FALSE;203150;10;11/04/2026 08:00;2,2;Inspeção das estações TLG - Ramal 14;Concluído;13/04/2026 09:12;;;;INSP;OTLG;;EQUIPAMENTO;;;07/04/2026 08:00;;13/04/2026 17:00;11/04/2026 07:17;11/04/2026 10:21;;;;;;;;;;;;;GIULIO;06/04/2026 07:17;;;;;;;FALSE;*;;BRL;SEO;;;;;;;;;FALSE;;;;FALSE;;;;;;FALSE;;FALSE;FALSE;2;Precisa de Reprogramação;;;FALSE;FALSE;FALSE;FALSE;;100;OPE;OPERANDO;Não Obstrutivo;;;;;;FALSE;;;GIULIO;06/04/2026 07:17;INSP-14;;FALSE;;;;;;;;;;FALSE;;;;;;;;;;TLG;MSGAS;34245;;
;FALSE;203246;10;07/04/2026 08:00;7;Acompanhar fabricação da base GNV - ELD;Concluído;07/04/2026 16:00;;TLG1-C-ELD;ESTAÇÃO CLIENTE ELDORADO;ACOMP;TLG;;EQUIPAMENTO;;;;;;08/04/2026 10:25;08/04/2026 15:10;EMRP_IND;EQUIPAMENTO;;;;;;;;;;;JOAO.VICTOR;06/04/2026 14:08;;;;;;;FALSE;*;;BRL;SEO;;;;;;;;;FALSE;;;;FALSE;;;;;;FALSE;;FALSE;FALSE;2;;;;FALSE;FALSE;FALSE;FALSE;;100;;;;;;;;;FALSE;;;JOAO.VICTOR;06/04/2026 14:08;;;FALSE;;;;;;;;;;FALSE;;;;;;;;;;TLG;MSGAS;34274;TLG1-C-ELD;ESTAÇÃO CLIENTE ELDORADO
;FALSE;203307;10;08/04/2026 08:00;3,5;Inspeção rotineira de EMRP industrial;Concluído;08/04/2026 11:30;;TLG1-M-UFN;UFN3 - ESTAÇÃO DE MEDIÇÃO;INSP;TLG;;EQUIPAMENTO;;;27/04/2026 08:00;;01/05/2026 17:00;09/04/2026 15:05;09/04/2026 16:30;EMRP_IND;EQUIPAMENTO;;;;;;;;;;;JOAO.VICTOR;07/04/2026 17:48;;;;;;;FALSE;*;;BRL;SEO;;;;;;;;;FALSE;;;;FALSE;;;;;;FALSE;;FALSE;FALSE;2;Precisa de Reprogramação;;;FALSE;FALSE;FALSE;FALSE;EDUARDOB.ESTAGIO;100;OPE;OPERANDO;Não Obstrutivo;1;Inspeção rotineira de EMRP industrial;;;;FALSE;;;JOAO.VICTOR;07/04/2026 17:48;;;FALSE;;;;;;;;;;FALSE;;AÇÃO DE MP;;2256-2;;2256;2;65;1;TLG;MSGAS;34317;TLG1-M-UFN;UFN3 - ESTAÇÃO DE MEDIÇÃO
;FALSE;203360;10;09/04/2026 13:30;7;Acompanhar fabricação da base GNV - ELD;Concluído;10/04/2026 11:30;;TLG1-C-ELD;ESTAÇÃO CLIENTE ELDORADO;ACOMP;TLG;;EQUIPAMENTO;;;;;;09/04/2026 15:13;29/05/2026 08:33;EMRP_IND;EQUIPAMENTO;;;;;;;;;;;GIULIO;09/04/2026 11:23;;;;;;;FALSE;*;;BRL;SEO;;;;;;;;;FALSE;;;;FALSE;;;;;;FALSE;;FALSE;FALSE;2;Precisa de Reprogramação;;;FALSE;FALSE;FALSE;FALSE;;100;;;;;;;;;FALSE;;;GIULIO;09/04/2026 11:23;;;FALSE;;;;;;;;;;FALSE;;TAREFA DE TRABALHO;TLG;203246;Acompanhar fabricação da base GNV - ELD;203246;;;;TLG;MSGAS;34340;TLG1-C-ELD;ESTAÇÃO CLIENTE ELDORADO
;FALSE;203372;10;10/04/2026 07:00;;Pendências estações pequenas;Concluído;10/04/2026 17:00;;TLG2;REDE BAIXA PRESSÃO PEAD;COPR;MTLG;;EQUIPAMENTO;;;;;;10/04/2026 08:12;10/04/2026 16:58;;;;;;;;;;;;;GIULIO;10/04/2026 07:18;;;;;;;FALSE;*;;BRL;SEO;;;;;;;;;FALSE;;;;FALSE;;;;;;FALSE;;FALSE;FALSE;2;;;;FALSE;FALSE;FALSE;FALSE;;100;;;;;;;;;FALSE;;;GIULIO;10/04/2026 07:18;;;FALSE;;;;;;;;;;FALSE;;;;;;;;;;TLG;MSGAS;34348;TLG2;REDE BAIXA PRESSÃO PEAD
;FALSE;203518;10;13/04/2026 08:00;1;Transferência de odorante e recarga de tanque da odorizadora;Concluído;13/04/2026 09:00;Transferência de odorante e recarga;TLG1-UO;UNIDADE DE ODORIZAÇÃO;OPE;TLG;;EQUIPAMENTO;;;13/04/2026 08:00;;17/04/2026 17:00;13/04/2026 09:32;13/04/2026 09:35;;;;;;;;;;;;;JOAO.VICTOR;10/04/2026 16:21;;;;;;;FALSE;*;;BRL;SEO;;;;;;;;;FALSE;;;;FALSE;;;;;;FALSE;;FALSE;FALSE;2;Precisa de Reprogramação;;;FALSE;FALSE;FALSE;FALSE;JOAO.VICTOR;100;OPE;OPERANDO;Não Obstrutivo;1;Transferência de odorante e recarga do tanque da odorizadora;;;;FALSE;;;JOAO.VICTOR;10/04/2026 16:21;REC-ODO;;FALSE;;;;;;;;;;FALSE;;AÇÃO DE MP;;5292-1;;5292;1;63;1;TLG;MSGAS;34391;TLG1-UO;UNIDADE DE ODORIZAÇÃO
;FALSE;203520;10;13/04/2026 08:00;4;1 - Inspeção rotineira de retificador SPC 2 - ANOTAR EM MEDIDAS AS LEITURAS DE POTENCIAIS;Concluído;13/04/2026 12:00;Inspeção do retificador e leitura de parâmetros;TLG1-RET-02;RETIFICADOR RAMAL ELDORADO;INSP;TLG;;EQUIPAMENTO;;;13/04/2026 08:00;;17/04/2026 17:00;13/04/2026 14:17;13/04/2026 14:31;;;;;;;;;;;;;JOAO.VICTOR;10/04/2026 16:21;;;;;;;FALSE;*;;BRL;SEO;;;;;;;;;FALSE;;;;FALSE;;;;;;FALSE;;FALSE;FALSE;2;Precisa de Reprogramação;;;FALSE;FALSE;FALSE;FALSE;AFONSO;100;OPE;OPERANDO;Não Obstrutivo;1;Inspeção de retificadores;;;;FALSE;;;JOAO.VICTOR;10/04/2026 16:21;;;FALSE;;;;;;;;;;FALSE;;AÇÃO DE MP;;2153-5;;2153;5;258;1;TLG;MSGAS;34393;TLG1-RET-02;RETIFICADOR RAMAL ELDORADO
;FALSE;203527;10;13/04/2026 08:00;2,2;Inspeção das estações TLG - Ramal 14;Concluído;13/04/2026 10:12;;;;INSP;OTLG;;EQUIPAMENTO;;;13/04/2026 08:00;;17/04/2026 17:00;13/04/2026 08:27;13/04/2026 10:29;;;;;;;;;;;;;JOAO.VICTOR;10/04/2026 16:21;;;;;;;FALSE;*;;BRL;SEO;;;;;;;;;FALSE;;;;FALSE;;;;;;FALSE;;FALSE;FALSE;2;;;;FALSE;FALSE;FALSE;FALSE;;100;OPE;OPERANDO;Não Obstrutivo;;;;;;FALSE;;;JOAO.VICTOR;10/04/2026 16:21;INSP-14;;FALSE;;;;;;;;;;FALSE;;;;;;;;;;TLG;MSGAS;34400;;
;FALSE;203528;10;16/04/2026 07:30;1,65;Inspeção das estações TLG - Ramal Eldorado;Concluído;16/04/2026 11:00;;;;INSP;OTLG;;EQUIPAMENTO;;;15/04/2026 08:00;;21/04/2026 17:00;16/04/2026 09:45;23/04/2026 10:55;;;;;;;;;;;;;JOAO.VICTOR;10/04/2026 16:21;;;;;;;FALSE;*;;BRL;SEO;;;;;;;;;FALSE;;;;FALSE;;;;;;FALSE;;FALSE;FALSE;2;Precisa de Reprogramação;;;FALSE;FALSE;FALSE;FALSE;;100;OPE;OPERANDO;Não Obstrutivo;;;;;;FALSE;;;JOAO.VICTOR;10/04/2026 16:21;INSP-ELD;;FALSE;;;;;;;;;;FALSE;;;;;;;;;;TLG;MSGAS;34401;;
;FALSE;203699;10;23/04/2026 14:00;3;Inspeção rotineira de EMRP industrial;Concluído;23/04/2026 17:00;;TLG1-VCP;FIBRIA PAPEL E CELULOSE;INSP;TLG;;EQUIPAMENTO;;;20/04/2026 08:00;;24/04/2026 17:00;23/04/2026 15:33;24/04/2026 07:58;EMRP_IND;EQUIPAMENTO;;;;;;;;;;;JOAO.VICTOR;17/04/2026 11:50;;;;;;;FALSE;*;;BRL;SEO;;;;;;;;;FALSE;;;;FALSE;;;;;;FALSE;;FALSE;FALSE;2;Precisa de Reprogramação;;;FALSE;FALSE;FALSE;FALSE;EDUARDOB.ESTAGIO;100;OPE;OPERANDO;Não Obstrutivo;1;Inspeção rotineira de EMRP industrial;;;;FALSE;;;JOAO.VICTOR;17/04/2026 11:50;;;FALSE;;;;;;;;;;FALSE;;AÇÃO DE MP;;2286-2;;2286;2;65;1;TLG;MSGAS;34501;TLG1-VCP;FIBRIA PAPEL E CELULOSE
;FALSE;204336;10;27/04/2026 08:00;4;ACOMPANHAMENTO TÉCNICO -  RUA RANULPHO MARQUES LEAL N° 1093;Concluído;27/04/2026 12:00;"ACOMPANHAMENTO TÉCNICO_Três Lagoas - MS

Prezados bom dia,

Segue solicitação de acompanhamento técnico para:

•	Local: RUA RANULPHO MARQUES LEAL N° 1093 - JD DAS PAINEIRAS
•	Data e hora: 27_04_2026 – SEGUNDA-FEIRA, a partir das 08:00 h
•	Contatos: André – SANESUL   (67) 9-9236-7161

OBS 01: Trecho conferido via CITIUS";;;ACOMP;TLG;;EQUIPAMENTO;;;;;;27/04/2026 08:14;04/05/2026 07:26;;;;;;;;;;;;;JOAO.VICTOR;24/04/2026 16:36;Leonardo Taborda (TABORDA);;leonardot@msgas.com.br;9000000002;;;FALSE;*;;;SEO;;ID Caso:MSG101567;;;;;;;FALSE;;;;FALSE;;;;;;FALSE;;FALSE;FALSE;2;Precisa de Reprogramação;;;FALSE;FALSE;FALSE;FALSE;;100;;;;1;Modelo para Acompanhamento Técnico;;;;FALSE;;;JOAO.VICTOR;24/04/2026 16:36;;;FALSE;;;;;;;;;;FALSE;;OPERAÇÃO MODELO TAREFA;;ACOMPT-CGR:3:1;ACOMPANHAMENTO TÉCNICO;ACOMPT-CGR;3;1;;TLG;MSGAS;34642;;
;FALSE;204346;10;;;Encerramento de fornecimento;Concluído;;;TLG2-SET;ESTAÇÃO SR ESPETTO;ENC;MTLG;;EQUIPAMENTO;;;;;;27/04/2026 14:07;26/05/2026 09:10;;;;;;;;;;;;;IFSMSG;27/04/2026 09:27;;;;;;;FALSE;*;;BRL;SEO;;;;;;;;;FALSE;;;;FALSE;;;;;;FALSE;;FALSE;FALSE;1;Precisa de Reprogramação;;;FALSE;FALSE;FALSE;FALSE;;100;NOP;NAO OPERANDO;Obstrutivo;1;Encerramento de fornecimento;;;;FALSE;;;IFSMSG;27/04/2026 09:27;;;FALSE;;;;;;;;;;FALSE;;OPERAÇÃO MODELO TAREFA;;ENC-FRN:3:1;Encerramento de fornecimento;ENC-FRN;3;1;;TLG;MSGAS;34648;TLG2-SET;ESTAÇÃO SR ESPETTO
;FALSE;204353;10;28/04/2026 08:00;7;Acompanhamento - SELUZ;Concluído;28/04/2026 16:00;;;;ACOMP;TLG;;EQUIPAMENTO;;;;;;28/04/2026 08:15;29/04/2026 16:55;;;;;;;;;;;;;JOAO.VICTOR;27/04/2026 17:10;;;;;;;FALSE;*;;BRL;SEO;;;;;;;;;FALSE;;;;FALSE;;;;;;FALSE;;FALSE;FALSE;2;;;;FALSE;FALSE;FALSE;FALSE;;100;;;;;;;;;FALSE;;;JOAO.VICTOR;27/04/2026 17:10;;;FALSE;;;;;;;;;;FALSE;;;;;;;;;;TLG;MSGAS;34656;;
;FALSE;204359;10;09/06/2026 08:00;3;Andarilho - RAMAL ELD;Trabalho Realiz.;09/06/2026 11:00;;TLG1;REDE ALTA PRESSÃO AÇO;PATRULHA;TLG;;EQUIPAMENTO;;;;;;29/04/2026 08:26;09/06/2026 14:24;;;;;;;;;;;;;JOAO.VICTOR;27/04/2026 17:41;;;;;;;FALSE;*;;BRL;SEO;;;;;;;;;FALSE;;;;FALSE;;;;;;FALSE;;FALSE;FALSE;2;Precisa de Reprogramação;;;FALSE;FALSE;FALSE;FALSE;;0;;;;;;;;;FALSE;;;JOAO.VICTOR;27/04/2026 17:41;;;FALSE;;;;;;;;;;FALSE;;;;;;;;;;TLG;MSGAS;34655;TLG1;REDE ALTA PRESSÃO AÇO
;FALSE;204360;10;;;Acompanhamento de Terceiros - TLG;Cancelado;;;TLG2;REDE BAIXA PRESSÃO PEAD;ACOMP;OTLG;;EQUIPAMENTO;;;;;;;;;;;;;;;;;;;;GIULIO;28/04/2026 07:37;;;;;;;FALSE;*;;BRL;SEO;;;;;;;;;FALSE;;;;FALSE;;;;;;FALSE;;FALSE;FALSE;2;Precisa de Reprogramação;;;FALSE;FALSE;FALSE;FALSE;;0;OPE;OPERANDO;Não Obstrutivo;1;Acompanhamento de Terceiros em Intervenção Sobre a Faixa de TLG.;;;;FALSE;SNR;SERVIÇO NÃO REALIZADO;GIULIO;28/04/2026 07:37;;;FALSE;;;;;;;;;;FALSE;;OPERAÇÃO MODELO TAREFA;;ACOMTLG:1:1;Acompanhamento de Terceiros - TLG;ACOMTLG;1;1;;TLG;MSGAS;34660;TLG2;REDE BAIXA PRESSÃO PEAD
;FALSE;204413;10;;;Encerramento de fornecimento;Concluído;;;TLG2-PSP;ESTAÇÃO PADARIA SANTO PÃO;ENC;MTLG;;EQUIPAMENTO;;;;;;28/04/2026 14:19;29/04/2026 16:46;;;;;;;;;;;;;IFSMSG;28/04/2026 13:59;;;;;;;FALSE;*;;BRL;SEO;;;;;;;;;FALSE;;;;FALSE;;;;;;FALSE;;FALSE;FALSE;1;Precisa de Reprogramação;;;FALSE;FALSE;FALSE;FALSE;;100;NOP;NAO OPERANDO;Obstrutivo;1;Encerramento de fornecimento;;;;FALSE;;;IFSMSG;28/04/2026 13:59;;;FALSE;;;;;;;;;;FALSE;;OPERAÇÃO MODELO TAREFA;;ENC-FRN:3:1;Encerramento de fornecimento;ENC-FRN;3;1;;TLG;MSGAS;34666;TLG2-PSP;ESTAÇÃO PADARIA SANTO PÃO
;FALSE;204417;10;29/04/2026 14:00;3;Instalar cadeado na subtampa - TAM-003;Concluído;29/04/2026 17:00;;TAM-003;AMAZONAS – ESQ.  AV. CEARÁ (160 mm/Tampa 60 cm);COPR;OCGR;;EQUIPAMENTO;;;;;;29/04/2026 14:32;29/04/2026 14:33;;;;;;;;;;;;;FELIPEL;28/04/2026 14:32;;;;;;;FALSE;ANDREL;;BRL;SEO;;;;;;;;;FALSE;;;;FALSE;;;;;;FALSE;;FALSE;FALSE;2;Precisa de Reprogramação;;;FALSE;FALSE;FALSE;FALSE;;100;;;;;;;;;FALSE;;;FELIPEL;28/04/2026 14:32;;;FALSE;;;;;;;;;;FALSE;;;;;;;;;;CGR;MSGAS;34670;TAM-003;AMAZONAS – ESQ.  AV. CEARÁ (160 mm/Tampa 60 cm)
;FALSE;204428;10;29/04/2026 08:00;4;ACOMPANHAMENTO TÉCNICO -  RUA MICHEL THOMÉ X RUA MÁRCIA MENDES;Cancelado;29/04/2026 12:00;"ACOMPANHAMENTO TÉCNICO_Três Lagoas - MS

Prezados boa tarde,

Segue solicitação de acompanhamento técnico para:

•	Local: RUA MICHEL THOMÉ X RUA MÁRCIA MENDES - JD_ANGÉLICA
•	Data e hora: 29_04_2026 – QUARTA-FEIRA, a partir das 08:00 h
•	Contatos: André – SANESUL   (67) 9-9236-7161

OBS 01: Trecho conferido via CITIUS";;;ACOMP;TLG;;EQUIPAMENTO;;;;;;;;;;;;;;;;;;;;JOAO.VICTOR;28/04/2026 15:25;Leonardo Taborda (TABORDA);;leonardot@msgas.com.br;9000000002;;;FALSE;*;;;SEO;;ID Caso:MSG101576;;;;;;;FALSE;;;;FALSE;;;;;;FALSE;;FALSE;FALSE;2;Precisa de Reprogramação;;;FALSE;FALSE;FALSE;FALSE;;0;;;;1;Modelo para Acompanhamento Técnico;;;;FALSE;SNR;SERVIÇO NÃO REALIZADO;JOAO.VICTOR;28/04/2026 15:25;;;FALSE;;;;;;;;;;FALSE;;OPERAÇÃO MODELO TAREFA;;ACOMPT-CGR:3:1;ACOMPANHAMENTO TÉCNICO;ACOMPT-CGR;3;1;;TLG;MSGAS;34673;;
;FALSE;204437;10;;;Religação Emergencial de Cliente;Cancelado;;;TLG2-MEL;ESTAÇÃO MELTS - TRES LAGOAS LTDA;OPE;TLG;;EQUIPAMENTO;;;;;;;;;;;;;;;;;;;;IFSMSG;29/04/2026 16:46;;;;;;;FALSE;*;;BRL;SEO;;;;;;;;;FALSE;;;;FALSE;;;;;;FALSE;;FALSE;FALSE;2;Precisa de Reprogramação;;;FALSE;FALSE;FALSE;FALSE;;0;PRE;PRESSURIZADO;Não Obstrutivo;1;Religação emergencial de cliente cortado;;;;FALSE;SNS;SERVIÇO NÃO NECESSÁRIO;IFSMSG;29/04/2026 16:46;;;FALSE;;;;;;;;;;FALSE;;OPERAÇÃO MODELO TAREFA;;RELIG-EMR:1:1;Religação Emergencial de Cliente;RELIG-EMR;1;1;;TLG;MSGAS;34682;TLG2-MEL;ESTAÇÃO MELTS - TRES LAGOAS LTDA
;FALSE;204442;10;;1,61;INSTALAÇÃO DE ESTAÇÃO;Concluído;;;TLG2-CRA;CONDOMINIO RESIDENCIAL ALVORADA;LIGC;MTLG;;EQUIPAMENTO;;;;;;30/04/2026 09:29;30/04/2026 10:07;;;;;;;;;;;;;IFSMSG;30/04/2026 08:12;;;;;;;FALSE;*;;BRL;SEO;;;;;;;;;FALSE;;;;FALSE;;;;;;FALSE;;FALSE;FALSE;1;Precisa de Reprogramação;;;FALSE;FALSE;FALSE;FALSE;;100;NOP;NAO OPERANDO;Obstrutivo;1;Início de fornecimento de clientes;;;;FALSE;;;IFSMSG;30/04/2026 08:12;;;FALSE;;;;;;;;;;FALSE;;OPERAÇÃO MODELO TAREFA;;INI-FRN:8:1;INSTALAÇÃO DE ESTAÇÃO;INI-FRN;8;1;;TLG;MSGAS;34687;TLG2-CRA;CONDOMINIO RESIDENCIAL ALVORADA
;FALSE;204501;10;;;Encerramento de fornecimento;Concluído;;;TLG2-MEL;ESTAÇÃO MELTS - TRES LAGOAS LTDA;ENC;MTLG;;EQUIPAMENTO;;;;;;07/05/2026 14:11;08/05/2026 07:08;;;;;;;;;;;;;IFSMSG;30/04/2026 16:10;;;;;;;FALSE;*;;BRL;SEO;;;;;;;;;FALSE;;;;FALSE;;;;;;FALSE;;FALSE;FALSE;1;Precisa de Reprogramação;;;FALSE;FALSE;FALSE;FALSE;;100;NOP;NAO OPERANDO;Obstrutivo;1;Encerramento de fornecimento;;;;FALSE;;;IFSMSG;30/04/2026 16:10;;;FALSE;;;;;;;;;;FALSE;;OPERAÇÃO MODELO TAREFA;;ENC-FRN:3:1;Encerramento de fornecimento;ENC-FRN;3;1;;TLG;MSGAS;34736;TLG2-MEL;ESTAÇÃO MELTS - TRES LAGOAS LTDA
;FALSE;204683;10;05/05/2026 08:00;7;Acompanhar descarregamento da ELD;Cancelado;05/05/2026 16:00;;TLG1-C-ELD;ESTAÇÃO CLIENTE ELDORADO;ACOMP;TLG;;EQUIPAMENTO;;;;;;;;EMRP_IND;EQUIPAMENTO;;;;;;;;;;;JOAO.VICTOR;04/05/2026 16:22;;;;;;;FALSE;*;;BRL;SEO;;;;;;;;;FALSE;;;;FALSE;;;;;;FALSE;;FALSE;FALSE;2;;;;FALSE;FALSE;FALSE;FALSE;;0;;;;;;;;;FALSE;SNR;SERVIÇO NÃO REALIZADO;JOAO.VICTOR;04/05/2026 16:22;;;FALSE;;;;;;;;;;FALSE;;;;;;;;;;TLG;MSGAS;34776;TLG1-C-ELD;ESTAÇÃO CLIENTE ELDORADO
;FALSE;204753;10;06/05/2026 07:30;7;Acompanhar descarregamento da ELD;Concluído;06/05/2026 17:00;;TLG1-C-ELD;ESTAÇÃO CLIENTE ELDORADO;ACOMP;TLG;;EQUIPAMENTO;;;;;;06/05/2026 09:58;06/05/2026 16:17;EMRP_IND;EQUIPAMENTO;;;;;;;;;;;GIULIO;06/05/2026 07:30;;;;;;;FALSE;*;;BRL;SEO;;;;;;;;;FALSE;;;;FALSE;;;;;;FALSE;;FALSE;FALSE;2;Precisa de Reprogramação;;;FALSE;FALSE;FALSE;FALSE;;100;;;;;;;;;FALSE;;;GIULIO;06/05/2026 07:30;;;FALSE;;;;;;;;;;FALSE;;TAREFA DE TRABALHO;TLG;204683;Acompanhar descarregamento da ELD;204683;;;;TLG;MSGAS;34800;TLG1-C-ELD;ESTAÇÃO CLIENTE ELDORADO
;FALSE;204833;10;20/06/2026 07:00;3;TLG1-ERS - Inspeção rotineira da Estação;Concluído;22/06/2026 10:00;;TLG1-ERS;ESTAÇÃO DE REDUÇÃO SECUNDÁRIA;INSP;OTLG;;EQUIPAMENTO;;;15/06/2026 08:00;;19/06/2026 17:00;20/06/2026 09:24;20/06/2026 09:27;EMRP_IND;EQUIPAMENTO;;;;;;;;;;;JOAO.VICTOR;07/05/2026 11:21;;;;;;;FALSE;*;;BRL;SEO;;;;;;;;;FALSE;;;;FALSE;;;;;;FALSE;;FALSE;FALSE;2;Precisa de Reprogramação;;;FALSE;FALSE;FALSE;FALSE;FELIPEL;100;OPE;OPERANDO;Não Obstrutivo;;;;;;FALSE;;;JOAO.VICTOR;07/05/2026 11:21;INS-ELD3;;FALSE;;;;;;;;;;FALSE;;AÇÃO DE MP;;6119-1;;6119;1;107;1;TLG;MSGAS;34821;TLG1-ERS;ESTAÇÃO DE REDUÇÃO SECUNDÁRIA
;FALSE;204834;20;20/06/2026 07:00;3,5;TLG1-ERS1-FE01 - Inspeção rotineira da Estação;Concluído;22/06/2026 10:30;;TLG1-ERS1-FE01;Medição - Tramo 01;INSP;OTLG;;EQUIPAMENTO;;;15/06/2026 08:00;;19/06/2026 17:00;20/06/2026 09:30;20/06/2026 09:31;;;;;;;;;;;;;JOAO.VICTOR;07/05/2026 11:21;;;;;;;FALSE;*;;BRL;SEO;;;;;;;;;FALSE;;;;FALSE;;;;;;FALSE;;FALSE;FALSE;2;Precisa de Reprogramação;;;FALSE;FALSE;FALSE;FALSE;LAILA.ESTAGIO;100;OPE;OPERANDO;Não Obstrutivo;;;;;;FALSE;;;JOAO.VICTOR;07/05/2026 11:21;INS-ELD3;;FALSE;;;;;;;;;;FALSE;;AÇÃO DE MP;;6120-1;;6120;1;107;1;TLG;MSGAS;34821;TLG1-ERS1-FE01;Medição - Tramo 01
;FALSE;204835;30;20/06/2026 07:00;3,5;TLG1-R-ELD - Inspeção rotineira da Estação;Concluído;22/06/2026 10:30;;TLG1-R-ELD;ESTAÇÃO DE CONTROLE DE VAZÃO ELDORADO;INSP;OTLG;;EQUIPAMENTO;;;15/06/2026 08:00;;19/06/2026 17:00;20/06/2026 09:32;20/06/2026 09:34;;;;;;;;;;;;;JOAO.VICTOR;07/05/2026 11:21;;;;;;;FALSE;*;;BRL;SEO;;;;;;;;;FALSE;;;;FALSE;;;;;;FALSE;;FALSE;FALSE;2;Precisa de Reprogramação;;;FALSE;FALSE;FALSE;FALSE;LAILA.ESTAGIO;100;OPE;OPERANDO;Não Obstrutivo;;;;;;FALSE;;;JOAO.VICTOR;07/05/2026 11:21;INS-ELD3;;FALSE;;;;;;;;;;FALSE;;AÇÃO DE MP;;6121-1;;6121;1;107;1;TLG;MSGAS;34821;TLG1-R-ELD;ESTAÇÃO DE CONTROLE DE VAZÃO ELDORADO
;FALSE;204836;40;20/06/2026 07:00;3,5;TLG2-BG-FE01 - Inspeção rotineira da Estação;Cancelado;22/06/2026 10:30;;TLG2-BG-FE01;Medição Tramo 1;INSP;OTLG;;EQUIPAMENTO;;;15/06/2026 08:00;;19/06/2026 17:00;;;;;;;;;;;;;;;JOAO.VICTOR;07/05/2026 11:21;;;;;;;FALSE;*;;BRL;SEO;;;;;;;;;FALSE;;;;FALSE;;;;;;FALSE;;FALSE;FALSE;2;Precisa de Reprogramação;;;FALSE;FALSE;FALSE;FALSE;JOAO.VICTOR;0;OPE;OPERANDO;Não Obstrutivo;;;;;;FALSE;ENO;EQUIPAMENTO NÃO OPERANTE;JOAO.VICTOR;07/05/2026 11:21;INS-ELD3;;FALSE;;;;;;;;;;FALSE;;AÇÃO DE MP;;6122-1;;6122;1;107;1;TLG;MSGAS;34821;TLG2-BG-FE01;Medição Tramo 1
;FALSE;204837;50;20/06/2026 07:00;3,5;TLG2-FRL - Inspeção rotineira da Estação;Concluído;22/06/2026 10:30;;TLG2-FRL;ESTAÇÃO FERAL;INSP;OTLG;;EQUIPAMENTO;;;15/06/2026 08:00;;19/06/2026 17:00;20/06/2026 09:43;20/06/2026 09:46;EMRP_IND;EQUIPAMENTO;;;;;;;;;;;JOAO.VICTOR;07/05/2026 11:21;;;;;;;FALSE;*;;BRL;SEO;;;;;;;;;FALSE;;;;FALSE;;;;;;FALSE;;FALSE;FALSE;2;Precisa de Reprogramação;;;FALSE;FALSE;FALSE;FALSE;LAILA.ESTAGIO;100;OPE;OPERANDO;Não Obstrutivo;;;;;;FALSE;;;JOAO.VICTOR;07/05/2026 11:21;INS-ELD3;;FALSE;;;;;;;;;;FALSE;;AÇÃO DE MP;;6123-1;;6123;1;107;1;TLG;MSGAS;34821;TLG2-FRL;ESTAÇÃO FERAL
;FALSE;204838;60;20/06/2026 07:00;3,5;TLG2-MTF - Inspeção rotineira da Estação;Concluído;22/06/2026 10:30;;TLG2-MTF;ESTAÇÃO METALFRIO;INSP;OTLG;;EQUIPAMENTO;;;15/06/2026 08:00;;19/06/2026 17:00;20/06/2026 09:49;20/06/2026 09:56;EMRP_IND;EQUIPAMENTO;;;;;;;;;;;JOAO.VICTOR;07/05/2026 11:21;;;;;;;FALSE;*;;BRL;SEO;;;;;;;;;FALSE;;;;FALSE;;;;;;FALSE;;FALSE;FALSE;2;Precisa de Reprogramação;;;FALSE;FALSE;FALSE;FALSE;LAILA.ESTAGIO;100;OPE;OPERANDO;Não Obstrutivo;;;;;;FALSE;;;JOAO.VICTOR;07/05/2026 11:21;INS-ELD3;;FALSE;;;;;;;;;;FALSE;;AÇÃO DE MP;;6124-1;;6124;1;107;1;TLG;MSGAS;34821;TLG2-MTF;ESTAÇÃO METALFRIO
;FALSE;204839;70;20/06/2026 07:00;3,5;TLG1-UT - Inspeção rotineira da Estação;Concluído;22/06/2026 10:30;;TLG1-UT;USINA TERMOELÉTRICA;INSP;OTLG;;EQUIPAMENTO;;;15/06/2026 08:00;;19/06/2026 17:00;20/06/2026 09:57;20/06/2026 10:01;EMRP_IND;EQUIPAMENTO;;;;;;;;;;;JOAO.VICTOR;07/05/2026 11:21;;;;;;;FALSE;*;;BRL;SEO;;;;;;;;;FALSE;;;;FALSE;;;;;;FALSE;;FALSE;FALSE;2;Precisa de Reprogramação;;;FALSE;FALSE;FALSE;FALSE;JOAO.VICTOR;100;OPE;OPERANDO;Não Obstrutivo;;;;;;FALSE;;;JOAO.VICTOR;07/05/2026 11:21;INS-ELD3;;FALSE;;;;;;;;;;FALSE;;AÇÃO DE MP;;6125-1;;6125;1;107;1;TLG;MSGAS;34821;TLG1-UT;USINA TERMOELÉTRICA
;FALSE;204840;80;20/06/2026 07:00;3,5;TLG1-RET-02 - Inspeção rotineira da Estação;Concluído;22/06/2026 10:30;;TLG1-RET-02;RETIFICADOR RAMAL ELDORADO;INSP;OTLG;;EQUIPAMENTO;;;15/06/2026 08:00;;19/06/2026 17:00;20/06/2026 14:30;20/06/2026 14:31;;;;;;;;;;;;;JOAO.VICTOR;07/05/2026 11:21;;;;;;;FALSE;*;;BRL;SEO;;;;;;;;;FALSE;;;;FALSE;;;;;;FALSE;;FALSE;FALSE;2;Precisa de Reprogramação;;;FALSE;FALSE;FALSE;FALSE;JOAO.VICTOR;100;OPE;OPERANDO;Não Obstrutivo;;;;;;FALSE;;;JOAO.VICTOR;07/05/2026 11:21;INS-ELD3;;FALSE;;;;;;;;;;FALSE;;AÇÃO DE MP;;6126-1;;6126;1;107;1;TLG;MSGAS;34821;TLG1-RET-02;RETIFICADOR RAMAL ELDORADO
;FALSE;204841;90;20/06/2026 07:00;3,5;TLG1-C-ELD - Inspeção rotineira da Estação;Concluído;22/06/2026 10:30;;TLG1-C-ELD;ESTAÇÃO CLIENTE ELDORADO;INSP;OTLG;;EQUIPAMENTO;;;15/06/2026 08:00;;19/06/2026 17:00;20/06/2026 14:32;20/06/2026 14:35;EMRP_IND;EQUIPAMENTO;;;;;;;;;;;JOAO.VICTOR;07/05/2026 11:21;;;;;;;FALSE;*;;BRL;SEO;;;;;;;;;FALSE;;;;FALSE;;;;;;FALSE;;FALSE;FALSE;2;Precisa de Reprogramação;;;FALSE;FALSE;FALSE;FALSE;LAILA.ESTAGIO;100;OPE;OPERANDO;Não Obstrutivo;;;;;;FALSE;;;JOAO.VICTOR;07/05/2026 11:21;INS-ELD3;;FALSE;;;;;;;;;;FALSE;;AÇÃO DE MP;;6127-1;;6127;1;107;1;TLG;MSGAS;34821;TLG1-C-ELD;ESTAÇÃO CLIENTE ELDORADO
;FALSE;204842;100;20/06/2026 07:00;3,5;TLG1-C-ELD-UTILIDADES - Inspeção rotineira da Estação;Concluído;22/06/2026 10:30;;TLG1-C-ELD-UTILIDADES;Medição Utilidades;INSP;OTLG;;EQUIPAMENTO;;;15/06/2026 08:00;;19/06/2026 17:00;20/06/2026 14:36;20/06/2026 14:37;;;;;;;;;;;;;JOAO.VICTOR;07/05/2026 11:21;;;;;;;FALSE;*;;BRL;SEO;;;;;;;;;FALSE;;;;FALSE;;;;;;FALSE;;FALSE;FALSE;2;Precisa de Reprogramação;;;FALSE;FALSE;FALSE;FALSE;LAILA.ESTAGIO;100;OPE;OPERANDO;Não Obstrutivo;;;;;;FALSE;;;JOAO.VICTOR;07/05/2026 11:21;INS-ELD3;;FALSE;;;;;;;;;;FALSE;;AÇÃO DE MP;;6128-1;;6128;1;107;1;TLG;MSGAS;34821;TLG1-C-ELD-UTILIDADES;Medição Utilidades
;FALSE;204843;110;20/06/2026 07:00;3,5;TLG1-VE-14 - Inspeção rotineira da Estação;Concluído;22/06/2026 10:30;;TLG1-VE-14;VBA ELD -  KM 17;INSP;OTLG;;EQUIPAMENTO;;;15/06/2026 08:00;;19/06/2026 17:00;20/06/2026 19:14;22/06/2026 16:31;;;;;;;;;;;;;JOAO.VICTOR;07/05/2026 11:21;;;;;;;FALSE;*;;BRL;SEO;;;;;;;;;FALSE;;;;FALSE;;;;;;FALSE;;FALSE;FALSE;2;Precisa de Reprogramação;;;FALSE;FALSE;FALSE;FALSE;LAILA.ESTAGIO;100;OPE;OPERANDO;Não Obstrutivo;;;;;;FALSE;;;JOAO.VICTOR;07/05/2026 11:21;INS-ELD3;;FALSE;;;;;;;;;;FALSE;;AÇÃO DE MP;;6129-1;;6129;1;107;1;TLG;MSGAS;34821;TLG1-VE-14;VBA ELD -  KM 17
;FALSE;204889;10;19/06/2026 08:00;3,5;patrulhamento central;Concluído;19/06/2026 11:30;;TLG;TRÊS LAGOAS;PATRULHA;TLG;;EQUIPAMENTO;;;15/06/2026 08:00;;19/06/2026 17:00;16/06/2026 07:23;19/06/2026 11:52;;;;;;;;;;;;;JOAO.VICTOR;07/05/2026 11:21;;;;;;;FALSE;*;;BRL;SEO;;;;;;;;;FALSE;;;;FALSE;;;;;;FALSE;;FALSE;FALSE;2;Precisa de Reprogramação;;;FALSE;FALSE;FALSE;FALSE;JOAO.VICTOR;100;;;;;;;;;FALSE;;;JOAO.VICTOR;07/05/2026 11:21;PATCEN;;FALSE;;;;;;;;;;FALSE;;AÇÃO DE MP;;4998-1;;4998;1;103;1;TLG;MSGAS;34827;TLG;TRÊS LAGOAS
;FALSE;204900;10;;3;Rest;Concluído;;;;;;MCGR;;EQUIPAMENTO;;;;;;07/05/2026 15:13;07/05/2026 15:13;;;;;;;;;;;;;JOAO.VICTOR;07/05/2026 15:12;;;;;;;FALSE;*;;BRL;SEO;;;;;;;;;FALSE;;;;FALSE;;;;;;FALSE;;FALSE;FALSE;2;Precisa de Reprogramação;;;FALSE;FALSE;FALSE;FALSE;;100;;;;;;;;;FALSE;;;JOAO.VICTOR;07/05/2026 15:12;;;FALSE;;;;;;;;;;FALSE;T7125662;;;;;;;;;CGR;MSGAS;34838;;
;FALSE;204912;10;08/05/2026 08:00;7;Levantamento de material - GNV ELD;Cancelado;08/05/2026 16:00;;;;OPE;TLG;;EQUIPAMENTO;;;;;;;;;;;;;;;;;;;;JOAO.VICTOR;07/05/2026 17:27;;;;;;;FALSE;*;;BRL;SEO;;;;;;;;;FALSE;;;;FALSE;;;;;;FALSE;;FALSE;FALSE;2;Precisa de Reprogramação;;;FALSE;FALSE;FALSE;FALSE;;0;;;;;;;;;FALSE;GED;GERADO EM DUPLICIDADE;JOAO.VICTOR;07/05/2026 17:27;;;FALSE;;;;;;;;;;FALSE;;TAREFA DE TRABALHO;TLG;204764;Levantamento de material - GNV ELD;204764;;;;TLG;MSGAS;34842;;
;FALSE;204922;10;;;Acompanhamento ;Concluído;;Acompanhamento de escavação da Empresa MS Pantanal.;;;;TLG-OP;;EQUIPAMENTO;;;;;;07/05/2026 17:00;07/05/2026 17:37;;;;;ESC;;ACO;ACOMPANHAMENTO;;;;ACO;MERIVAN;07/05/2026 17:38;;;;;;;FALSE;FELIPEL;;BRL;SEO;;;;;;;;;FALSE;;;;FALSE;;;;;;FALSE;;FALSE;FALSE;2;;;;FALSE;FALSE;FALSE;FALSE;;100;;;;;;;;;FALSE;;;MERIVAN;07/05/2026 17:38;;;FALSE;ALE;ACOPANHAMENTO DE LIGAÇÃO DE ESGOTO;Acompanhamento para ligação de cliente da Sanesul, execução da MS Pantanal.;;;;;;;FALSE;T2984635;;;;;;;;;TLG;MSGAS;34843;;
;FALSE;204953;10;14/05/2026 08:00;0,15;TLG1-ERS - Inspeção rotineira da Estação;Concluído;14/05/2026 08:09;;TLG1-ERS;ESTAÇÃO DE REDUÇÃO SECUNDÁRIA;INSP;OTLG;;EQUIPAMENTO;;;11/05/2026 08:00;;15/05/2026 17:00;14/05/2026 07:47;27/05/2026 16:18;EMRP_IND;EQUIPAMENTO;;;;;;;;;;;JOAO.VICTOR;08/05/2026 16:44;;;;;;;FALSE;*;;BRL;SEO;;;;;;;;;FALSE;;;;FALSE;;;;;;FALSE;;FALSE;FALSE;2;Precisa de Reprogramação;;;FALSE;FALSE;FALSE;FALSE;FELIPEL;100;OPE;OPERANDO;Não Obstrutivo;;;;;;FALSE;;;JOAO.VICTOR;08/05/2026 16:44;INS-ELD2;;FALSE;;;;;;;;;;FALSE;;AÇÃO DE MP;;6108-1;;6108;1;103;1;TLG;MSGAS;34859;TLG1-ERS;ESTAÇÃO DE REDUÇÃO SECUNDÁRIA
;FALSE;204954;20;14/05/2026 08:00;0,15;TLG1-ERS1-FE01 - Inspeção rotineira da Estação;Concluído;14/05/2026 08:09;;TLG1-ERS1-FE01;Medição - Tramo 01;INSP;OTLG;;EQUIPAMENTO;;;11/05/2026 08:00;;15/05/2026 17:00;14/05/2026 07:48;18/05/2026 08:01;;;;;;;;;;;;;JOAO.VICTOR;08/05/2026 16:44;;;;;;;FALSE;*;;BRL;SEO;;;;;;;;;FALSE;;;;FALSE;;;;;;FALSE;;FALSE;FALSE;2;Precisa de Reprogramação;;;FALSE;FALSE;FALSE;FALSE;LAILA.ESTAGIO;100;OPE;OPERANDO;Não Obstrutivo;;;;;;FALSE;;;JOAO.VICTOR;08/05/2026 16:44;INS-ELD2;;FALSE;;;;;;;;;;FALSE;;AÇÃO DE MP;;6109-1;;6109;1;103;1;TLG;MSGAS;34859;TLG1-ERS1-FE01;Medição - Tramo 01
;FALSE;204955;30;14/05/2026 08:00;0,15;TLG1-R-ELD - Inspeção rotineira da Estação;Concluído;14/05/2026 08:09;;TLG1-R-ELD;ESTAÇÃO DE CONTROLE DE VAZÃO ELDORADO;INSP;OTLG;;EQUIPAMENTO;;;11/05/2026 08:00;;15/05/2026 17:00;14/05/2026 07:48;27/05/2026 16:18;;;;;;;;;;;;;JOAO.VICTOR;08/05/2026 16:44;;;;;;;FALSE;*;;BRL;SEO;;;;;;;;;FALSE;;;;FALSE;;;;;;FALSE;;FALSE;FALSE;2;Precisa de Reprogramação;;;FALSE;FALSE;FALSE;FALSE;LAILA.ESTAGIO;100;OPE;OPERANDO;Não Obstrutivo;;;;;;FALSE;;;JOAO.VICTOR;08/05/2026 16:44;INS-ELD2;;FALSE;;;;;;;;;;FALSE;;AÇÃO DE MP;;6110-1;;6110;1;103;1;TLG;MSGAS;34859;TLG1-R-ELD;ESTAÇÃO DE CONTROLE DE VAZÃO ELDORADO
;FALSE;204956;40;14/05/2026 08:00;0,15;TLG2-BG-FE01 - Inspeção rotineira da Estação;Cancelado;14/05/2026 08:09;;TLG2-BG-FE01;Medição Tramo 1;INSP;OTLG;;EQUIPAMENTO;;;11/05/2026 08:00;;15/05/2026 17:00;;;;;;;;;;;;;;;JOAO.VICTOR;08/05/2026 16:44;;;;;;;FALSE;*;;BRL;SEO;;;;;;;;;FALSE;;;;FALSE;;;;;;FALSE;;FALSE;FALSE;2;Precisa de Reprogramação;;;FALSE;FALSE;FALSE;FALSE;JOAO.VICTOR;0;OPE;OPERANDO;Não Obstrutivo;;;;;;FALSE;SNR;SERVIÇO NÃO REALIZADO;JOAO.VICTOR;08/05/2026 16:44;INS-ELD2;;FALSE;;;;;;;;;;FALSE;;AÇÃO DE MP;;6111-1;;6111;1;103;1;TLG;MSGAS;34859;TLG2-BG-FE01;Medição Tramo 1
;FALSE;204957;50;14/05/2026 08:00;0,15;TLG2-FRL - Inspeção rotineira da Estação;Concluído;14/05/2026 08:09;;TLG2-FRL;ESTAÇÃO FERAL;INSP;OTLG;;EQUIPAMENTO;;;11/05/2026 08:00;;15/05/2026 17:00;14/05/2026 08:13;27/05/2026 16:18;EMRP_IND;EQUIPAMENTO;;;;;;;;;;;JOAO.VICTOR;08/05/2026 16:44;;;;;;;FALSE;*;;BRL;SEO;;;;;;;;;FALSE;;;;FALSE;;;;;;FALSE;;FALSE;FALSE;2;Precisa de Reprogramação;;;FALSE;FALSE;FALSE;FALSE;LAILA.ESTAGIO;100;OPE;OPERANDO;Não Obstrutivo;;;;;;FALSE;;;JOAO.VICTOR;08/05/2026 16:44;INS-ELD2;;FALSE;;;;;;;;;;FALSE;;AÇÃO DE MP;;6112-1;;6112;1;103;1;TLG;MSGAS;34859;TLG2-FRL;ESTAÇÃO FERAL
;FALSE;204958;60;14/05/2026 08:00;0,15;TLG2-MTF - Inspeção rotineira da Estação;Concluído;14/05/2026 08:09;;TLG2-MTF;ESTAÇÃO METALFRIO;INSP;OTLG;;EQUIPAMENTO;;;11/05/2026 08:00;;15/05/2026 17:00;14/05/2026 08:20;27/05/2026 16:18;EMRP_IND;EQUIPAMENTO;;;;;;;;;;;JOAO.VICTOR;08/05/2026 16:44;;;;;;;FALSE;*;;BRL;SEO;;;;;;;;;FALSE;;;;FALSE;;;;;;FALSE;;FALSE;FALSE;2;Precisa de Reprogramação;;;FALSE;FALSE;FALSE;FALSE;LAILA.ESTAGIO;100;OPE;OPERANDO;Não Obstrutivo;;;;;;FALSE;;;JOAO.VICTOR;08/05/2026 16:44;INS-ELD2;;FALSE;;;;;;;;;;FALSE;;AÇÃO DE MP;;6113-1;;6113;1;103;1;TLG;MSGAS;34859;TLG2-MTF;ESTAÇÃO METALFRIO
;FALSE;204959;70;14/05/2026 08:00;0,15;TLG1-UT - Inspeção rotineira da Estação;Concluído;14/05/2026 08:09;;TLG1-UT;USINA TERMOELÉTRICA;INSP;OTLG;;EQUIPAMENTO;;;11/05/2026 08:00;;15/05/2026 17:00;14/05/2026 08:36;27/05/2026 16:18;EMRP_IND;EQUIPAMENTO;;;;;;;;;;;JOAO.VICTOR;08/05/2026 16:44;;;;;;;FALSE;*;;BRL;SEO;;;;;;;;;FALSE;;;;FALSE;;;;;;FALSE;;FALSE;FALSE;2;Precisa de Reprogramação;;;FALSE;FALSE;FALSE;FALSE;JOAO.VICTOR;100;OPE;OPERANDO;Não Obstrutivo;;;;;;FALSE;;;JOAO.VICTOR;08/05/2026 16:44;INS-ELD2;;FALSE;;;;;;;;;;FALSE;;AÇÃO DE MP;;6114-1;;6114;1;103;1;TLG;MSGAS;34859;TLG1-UT;USINA TERMOELÉTRICA
;FALSE;204960;80;14/05/2026 08:00;0,15;TLG1-RET-02 - Inspeção rotineira da Estação;Concluído;14/05/2026 08:09;;TLG1-RET-02;RETIFICADOR RAMAL ELDORADO;INSP;OTLG;;EQUIPAMENTO;;;11/05/2026 08:00;;15/05/2026 17:00;14/05/2026 08:56;27/05/2026 16:18;;;;;;;;;;;;;JOAO.VICTOR;08/05/2026 16:44;;;;;;;FALSE;*;;BRL;SEO;;;;;;;;;FALSE;;;;FALSE;;;;;;FALSE;;FALSE;FALSE;2;Precisa de Reprogramação;;;FALSE;FALSE;FALSE;FALSE;JOAO.VICTOR;100;OPE;OPERANDO;Não Obstrutivo;;;;;;FALSE;;;JOAO.VICTOR;08/05/2026 16:44;INS-ELD2;;FALSE;;;;;;;;;;FALSE;;AÇÃO DE MP;;6115-1;;6115;1;103;1;TLG;MSGAS;34859;TLG1-RET-02;RETIFICADOR RAMAL ELDORADO
;FALSE;204961;90;14/05/2026 08:00;0,15;TLG1-C-ELD - Inspeção rotineira da Estação;Concluído;14/05/2026 08:09;;TLG1-C-ELD;ESTAÇÃO CLIENTE ELDORADO;INSP;OTLG;;EQUIPAMENTO;;;11/05/2026 08:00;;15/05/2026 17:00;14/05/2026 09:25;27/05/2026 16:18;EMRP_IND;EQUIPAMENTO;;;;;;;;;;;JOAO.VICTOR;08/05/2026 16:44;;;;;;;FALSE;*;;BRL;SEO;;;;;;;;;FALSE;;;;FALSE;;;;;;FALSE;;FALSE;FALSE;2;Precisa de Reprogramação;;;FALSE;FALSE;FALSE;FALSE;LAILA.ESTAGIO;100;OPE;OPERANDO;Não Obstrutivo;;;;;;FALSE;;;JOAO.VICTOR;08/05/2026 16:44;INS-ELD2;;FALSE;;;;;;;;;;FALSE;;AÇÃO DE MP;;6116-1;;6116;1;103;1;TLG;MSGAS;34859;TLG1-C-ELD;ESTAÇÃO CLIENTE ELDORADO
;FALSE;204962;100;14/05/2026 08:00;0,15;TLG1-C-ELD-UTILIDADES - Inspeção rotineira da Estação;Concluído;14/05/2026 08:09;;TLG1-C-ELD-UTILIDADES;Medição Utilidades;INSP;OTLG;;EQUIPAMENTO;;;11/05/2026 08:00;;15/05/2026 17:00;14/05/2026 09:25;27/05/2026 16:18;;;;;;;;;;;;;JOAO.VICTOR;08/05/2026 16:44;;;;;;;FALSE;*;;BRL;SEO;;;;;;;;;FALSE;;;;FALSE;;;;;;FALSE;;FALSE;FALSE;2;Precisa de Reprogramação;;;FALSE;FALSE;FALSE;FALSE;LAILA.ESTAGIO;100;OPE;OPERANDO;Não Obstrutivo;;;;;;FALSE;;;JOAO.VICTOR;08/05/2026 16:44;INS-ELD2;;FALSE;;;;;;;;;;FALSE;;AÇÃO DE MP;;6117-1;;6117;1;103;1;TLG;MSGAS;34859;TLG1-C-ELD-UTILIDADES;Medição Utilidades
;FALSE;204963;110;14/05/2026 08:00;0,15;TLG1-VE-14 - Inspeção rotineira da Estação;Concluído;14/05/2026 08:09;;TLG1-VE-14;VBA ELD -  KM 17;INSP;OTLG;;EQUIPAMENTO;;;11/05/2026 08:00;;15/05/2026 17:00;14/05/2026 10:12;27/05/2026 16:18;;;;;;;;;;;;;JOAO.VICTOR;08/05/2026 16:44;;;;;;;FALSE;*;;BRL;SEO;;;;;;;;;FALSE;;;;FALSE;;;;;;FALSE;;FALSE;FALSE;2;Precisa de Reprogramação;;;FALSE;FALSE;FALSE;FALSE;LAILA.ESTAGIO;100;OPE;OPERANDO;Não Obstrutivo;;;;;;FALSE;;;JOAO.VICTOR;08/05/2026 16:44;INS-ELD2;;FALSE;;;;;;;;;;FALSE;;AÇÃO DE MP;;6118-1;;6118;1;103;1;TLG;MSGAS;34859;TLG1-VE-14;VBA ELD -  KM 17
;FALSE;204997;10;14/05/2026 08:00;0,2;ESTAÇÃO SITREL - Inspeção rotineira da Estação;Concluído;14/05/2026 08:12;;TLG2-STL;ESTAÇÃO SITREL;INSP;OTLG;;EQUIPAMENTO;;;11/05/2026 08:00;;15/05/2026 17:00;14/05/2026 09:41;27/05/2026 16:16;EMRP_IND;EQUIPAMENTO;;;;;;;;;;;JOAO.VICTOR;08/05/2026 16:44;;;;;;;FALSE;*;;BRL;SEO;;;;;;;;;FALSE;;;;FALSE;;;;;;FALSE;;FALSE;FALSE;2;Precisa de Reprogramação;;;FALSE;FALSE;FALSE;FALSE;LAILA.ESTAGIO;100;OPE;OPERANDO;Não Obstrutivo;;;;;;FALSE;;;JOAO.VICTOR;08/05/2026 16:44;INS-14-2;;FALSE;;;;;;;;;;FALSE;;AÇÃO DE MP;;6083-1;;6083;1;103;1;TLG;MSGAS;34863;TLG2-STL;ESTAÇÃO SITREL
;FALSE;204998;20;14/05/2026 08:00;0,2;C-UFN - Inspeção rotineira da Estação;Concluído;14/05/2026 08:12;;TLG1-C-UFN;UFN3 - ESTAÇÃO DO CLIENTE;INSP;OTLG;;EQUIPAMENTO;;;11/05/2026 08:00;;15/05/2026 17:00;14/05/2026 09:03;27/05/2026 16:16;EMRP_IND;EQUIPAMENTO;;;;;;;;;;;JOAO.VICTOR;08/05/2026 16:44;;;;;;;FALSE;*;;BRL;SEO;;;;;;;;;FALSE;;;;FALSE;;;;;;FALSE;;FALSE;FALSE;2;Precisa de Reprogramação;;;FALSE;FALSE;FALSE;FALSE;LAILA.ESTAGIO;100;OPE;OPERANDO;Não Obstrutivo;;;;;;FALSE;;;JOAO.VICTOR;08/05/2026 16:44;INS-14-2;;FALSE;;;;;;;;;;FALSE;;AÇÃO DE MP;;6084-1;;6084;1;103;1;TLG;MSGAS;34863;TLG1-C-UFN;UFN3 - ESTAÇÃO DO CLIENTE
;FALSE;204999;30;14/05/2026 08:00;0,2;UO - Inspeção rotineira da Estação;Concluído;14/05/2026 08:12;;TLG1-UO;UNIDADE DE ODORIZAÇÃO;INSP;OTLG;;EQUIPAMENTO;;;11/05/2026 08:00;;15/05/2026 17:00;14/05/2026 08:54;27/05/2026 16:16;;;;;;;;;;;;;JOAO.VICTOR;08/05/2026 16:44;;;;;;;FALSE;*;;BRL;SEO;;;;;;;;;FALSE;;;;FALSE;;;;;;FALSE;;FALSE;FALSE;2;Precisa de Reprogramação;;;FALSE;FALSE;FALSE;FALSE;LAILA.ESTAGIO;100;OPE;OPERANDO;Não Obstrutivo;;;;;;FALSE;;;JOAO.VICTOR;08/05/2026 16:44;INS-14-2;;FALSE;;;;;;;;;;FALSE;;AÇÃO DE MP;;6085-1;;6085;1;103;1;TLG;MSGAS;34863;TLG1-UO;UNIDADE DE ODORIZAÇÃO
;FALSE;205000;40;14/05/2026 08:00;0,2;VCP (Suzano) - Inspeção rotineira da Estação;Concluído;14/05/2026 08:12;;TLG1-VCP;FIBRIA PAPEL E CELULOSE;INSP;OTLG;;EQUIPAMENTO;;;11/05/2026 08:00;;15/05/2026 17:00;14/05/2026 08:57;27/05/2026 16:16;EMRP_IND;EQUIPAMENTO;;;;;;;;;;;JOAO.VICTOR;08/05/2026 16:44;;;;;;;FALSE;*;;BRL;SEO;;;;;;;;;FALSE;;;;FALSE;;;;;;FALSE;;FALSE;FALSE;2;Precisa de Reprogramação;;;FALSE;FALSE;FALSE;FALSE;LAILA.ESTAGIO;100;OPE;OPERANDO;Não Obstrutivo;;;;;;FALSE;;;JOAO.VICTOR;08/05/2026 16:44;INS-14-2;;FALSE;;;;;;;;;;FALSE;;AÇÃO DE MP;;6086-1;;6086;1;103;1;TLG;MSGAS;34863;TLG1-VCP;FIBRIA PAPEL E CELULOSE
;FALSE;205001;50;14/05/2026 08:00;0,2;M-UFN - Inspeção rotineira da Estação;Concluído;14/05/2026 08:12;;TLG1-M-UFN;UFN3 - ESTAÇÃO DE MEDIÇÃO;INSP;OTLG;;EQUIPAMENTO;;;11/05/2026 08:00;;15/05/2026 17:00;14/05/2026 09:04;27/05/2026 16:16;EMRP_IND;EQUIPAMENTO;;;;;;;;;;;JOAO.VICTOR;08/05/2026 16:44;;;;;;;FALSE;*;;BRL;SEO;;;;;;;;;FALSE;;;;FALSE;;;;;;FALSE;;FALSE;FALSE;2;Precisa de Reprogramação;;;FALSE;FALSE;FALSE;FALSE;LAILA.ESTAGIO;100;OPE;OPERANDO;Não Obstrutivo;;;;;;FALSE;;;JOAO.VICTOR;08/05/2026 16:44;INS-14-2;;FALSE;;;;;;;;;;FALSE;;AÇÃO DE MP;;6087-1;;6087;1;103;1;TLG;MSGAS;34863;TLG1-M-UFN;UFN3 - ESTAÇÃO DE MEDIÇÃO
;FALSE;205002;60;14/05/2026 08:00;0,2;ERS2 - Inspeção rotineira da Estação;Concluído;14/05/2026 08:12;;TLG1-ERS2;ESTAÇÃO DE REDUÇÃO SECUNDÁRIA 2;INSP;OTLG;;EQUIPAMENTO;;;11/05/2026 08:00;;15/05/2026 17:00;14/05/2026 08:19;27/05/2026 16:16;EMRP_IND;EQUIPAMENTO;;;;;;;;;;;JOAO.VICTOR;08/05/2026 16:44;;;;;;;FALSE;*;;BRL;SEO;;;;;;;;;FALSE;;;;FALSE;;;;;;FALSE;;FALSE;FALSE;2;Precisa de Reprogramação;;;FALSE;FALSE;FALSE;FALSE;LAILA.ESTAGIO;100;OPE;OPERANDO;Não Obstrutivo;;;;;;FALSE;;;JOAO.VICTOR;08/05/2026 16:44;INS-14-2;;FALSE;;;;;;;;;;FALSE;;AÇÃO DE MP;;6088-1;;6088;1;103;1;TLG;MSGAS;34863;TLG1-ERS2;ESTAÇÃO DE REDUÇÃO SECUNDÁRIA 2
;FALSE;205003;70;14/05/2026 08:00;0,2;ERS2-FE01 - Inspeção rotineira da Estação;Concluído;14/05/2026 08:12;;TLG1-ERS2-FE01;Medição Tramo 1;INSP;OTLG;;EQUIPAMENTO;;;11/05/2026 08:00;;15/05/2026 17:00;14/05/2026 08:23;27/05/2026 16:16;;;;;;;;;;;;;JOAO.VICTOR;08/05/2026 16:44;;;;;;;FALSE;*;;BRL;SEO;;;;;;;;;FALSE;;;;FALSE;;;;;;FALSE;;FALSE;FALSE;2;Precisa de Reprogramação;;;FALSE;FALSE;FALSE;FALSE;LAILA.ESTAGIO;100;OPE;OPERANDO;Não Obstrutivo;;;;;;FALSE;;;JOAO.VICTOR;08/05/2026 16:44;INS-14-2;;FALSE;;;;;;;;;;FALSE;;AÇÃO DE MP;;6089-1;;6089;1;103;1;TLG;MSGAS;34863;TLG1-ERS2-FE01;Medição Tramo 1
;FALSE;205004;80;14/05/2026 08:00;0,2;ERS2-FE02 - Inspeção rotineira da Estação;Concluído;14/05/2026 08:12;;TLG1-ERS2-FE02;Medição Tramo 2;INSP;OTLG;;EQUIPAMENTO;;;11/05/2026 08:00;;15/05/2026 17:00;14/05/2026 08:26;27/05/2026 16:16;;;;;;;;;;;;;JOAO.VICTOR;08/05/2026 16:44;;;;;;;FALSE;*;;BRL;SEO;;;;;;;;;FALSE;;;;FALSE;;;;;;FALSE;;FALSE;FALSE;2;Precisa de Reprogramação;;;FALSE;FALSE;FALSE;FALSE;LAILA.ESTAGIO;100;OPE;OPERANDO;Não Obstrutivo;;;;;;FALSE;;;JOAO.VICTOR;08/05/2026 16:44;INS-14-2;;FALSE;;;;;;;;;;FALSE;;AÇÃO DE MP;;6090-1;;6090;1;103;1;TLG;MSGAS;34863;TLG1-ERS2-FE02;Medição Tramo 2
;FALSE;205005;90;14/05/2026 08:00;0,2;ERS2-FE03 - Inspeção rotineira da Estação;Concluído;14/05/2026 08:12;;TLG1-ERS2-FE03;Medição Tramo 3;INSP;OTLG;;EQUIPAMENTO;;;11/05/2026 08:00;;15/05/2026 17:00;14/05/2026 08:28;27/05/2026 16:16;;;;;;;;;;;;;JOAO.VICTOR;08/05/2026 16:44;;;;;;;FALSE;*;;BRL;SEO;;;;;;;;;FALSE;;;;FALSE;;;;;;FALSE;;FALSE;FALSE;2;Precisa de Reprogramação;;;FALSE;FALSE;FALSE;FALSE;LAILA.ESTAGIO;100;OPE;OPERANDO;Não Obstrutivo;;;;;;FALSE;;;JOAO.VICTOR;08/05/2026 16:44;INS-14-2;;FALSE;;;;;;;;;;FALSE;;AÇÃO DE MP;;6091-1;;6091;1;103;1;TLG;MSGAS;34863;TLG1-ERS2-FE03;Medição Tramo 3
;FALSE;205006;100;14/05/2026 08:00;0,2;CARGILL - Inspeção rotineira da Estação;Concluído;14/05/2026 08:12;;TLG2-CGL;ESTAÇÃO CARGILL;INSP;OTLG;;EQUIPAMENTO;;;11/05/2026 08:00;;15/05/2026 17:00;14/05/2026 07:48;27/05/2026 16:16;EMRP_IND;EQUIPAMENTO;;;;;;;;;;;JOAO.VICTOR;08/05/2026 16:44;;;;;;;FALSE;*;;BRL;SEO;;;;;;;;;FALSE;;;;FALSE;;;;;;FALSE;;FALSE;FALSE;2;Precisa de Reprogramação;;;FALSE;FALSE;FALSE;FALSE;GIULIO;100;OPE;OPERANDO;Não Obstrutivo;;;;;;FALSE;;;JOAO.VICTOR;08/05/2026 16:44;INS-14-2;;FALSE;;;;;;;;;;FALSE;;AÇÃO DE MP;;6092-1;;6092;1;103;1;TLG;MSGAS;34863;TLG2-CGL;ESTAÇÃO CARGILL
;FALSE;205007;110;14/05/2026 08:00;0,2;TLG1-VE-02 - Inspeção rotineira da Estação;Concluído;14/05/2026 08:12;;TLG1-VE-02;VBA - KM 18;INSP;OTLG;;EQUIPAMENTO;;;11/05/2026 08:00;;15/05/2026 17:00;14/05/2026 09:22;27/05/2026 16:16;;;;;;;;;;;;;JOAO.VICTOR;08/05/2026 16:44;;;;;;;FALSE;*;;BRL;SEO;;;;;;;;;FALSE;;;;FALSE;;;;;;FALSE;;FALSE;FALSE;2;Precisa de Reprogramação;;;FALSE;FALSE;FALSE;FALSE;LAILA.ESTAGIO;100;OPE;OPERANDO;Não Obstrutivo;;;;;;FALSE;;;JOAO.VICTOR;08/05/2026 16:44;INS-14-2;;FALSE;;;;;;;;;;FALSE;;AÇÃO DE MP;;6093-1;;6093;1;103;1;TLG;MSGAS;34863;TLG1-VE-02;VBA - KM 18
;FALSE;205021;10;11/05/2026 08:00;1;Transferência de odorante e recarga de tanque da odorizadora;Trabalho Realiz.;11/05/2026 09:00;Transferência de odorante e recarga;TLG1-UO;UNIDADE DE ODORIZAÇÃO;OPE;TLG;;EQUIPAMENTO;;;11/05/2026 08:00;;15/05/2026 17:00;11/05/2026 09:36;27/05/2026 16:37;;;;;;;;;;;;;JOAO.VICTOR;08/05/2026 16:44;;;;;;;FALSE;*;;BRL;SEO;;;;;;;;;FALSE;;;;FALSE;;;;;;FALSE;;FALSE;FALSE;2;Precisa de Reprogramação;;;TRUE;FALSE;FALSE;FALSE;JOAO.VICTOR;0;OPE;OPERANDO;Não Obstrutivo;1;Transferência de odorante e recarga do tanque da odorizadora;;;;FALSE;;;JOAO.VICTOR;08/05/2026 16:44;REC-ODO;;FALSE;;;;;;;;;;FALSE;;AÇÃO DE MP;;5292-1;;5292;1;67;1;TLG;MSGAS;34867;TLG1-UO;UNIDADE DE ODORIZAÇÃO
;FALSE;205277;10;19/05/2026 08:00;7;Adequação da estação - GNV-ELD;Concluído;19/05/2026 16:00;;;;ENGE;TLG;;EQUIPAMENTO;;;;;;12/05/2026 09:54;22/05/2026 10:49;;;;;;;;;;;;;JOAO.VICTOR;08/05/2026 16:49;;;;;;;FALSE;*;;BRL;SEO;;;;;;;;;FALSE;;;;FALSE;;;;;;FALSE;;FALSE;FALSE;2;Precisa de Reprogramação;;;FALSE;FALSE;FALSE;FALSE;;100;;;;;;;;;FALSE;;;JOAO.VICTOR;08/05/2026 16:49;;;FALSE;;;;;;;;;;FALSE;;;;;;;;;;TLG;MSGAS;34917;;
;FALSE;205289;10;;;Inspeção da ERS2.;Concluído;;;TLG1-ERS2;ESTAÇÃO DE REDUÇÃO SECUNDÁRIA 2;INSP;TLG-OP;;EQUIPAMENTO;;;;;;08/05/2026 15:27;08/05/2026 16:43;EMRP_IND;EQUIPAMENTO;;;;;;;;;13;OPE;MERIVAN;08/05/2026 17:09;;;;;;;FALSE;FELIPEL;;BRL;SEO;;;;;;;;;FALSE;;;;FALSE;;;;;;FALSE;;FALSE;FALSE;2;;;;FALSE;FALSE;FALSE;FALSE;;100;OPE;OPERANDO;Não Obstrutivo;;;;;;FALSE;;;MERIVAN;08/05/2026 17:09;;;FALSE;INS;INSPEÇÃO;Inspeção de fechamento dos portões e acionamento do alarme da estação.;;;;;;;FALSE;T1910594;;;;;;;;;TLG;MSGAS;34919;TLG1-ERS2;ESTAÇÃO DE REDUÇÃO SECUNDÁRIA 2
;FALSE;205290;10;09/05/2026 08:00;3;ESTAÇÃO SITREL - Inspeção rotineira da Estação;Concluído;11/05/2026 10:00;;TLG2-STL;ESTAÇÃO SITREL;INSP;OTLG;;EQUIPAMENTO;;;03/06/2024 08:00;;07/06/2024 17:00;09/05/2026 07:47;27/05/2026 16:19;EMRP_IND;EQUIPAMENTO;;;;;;;;;;;JOAO.VICTOR;08/05/2026 18:01;;;;;;;FALSE;*;;BRL;SEO;;;;;;;;;FALSE;;;;FALSE;;;;;;FALSE;;FALSE;FALSE;2;Precisa de Reprogramação;;;FALSE;FALSE;FALSE;FALSE;LAILA.ESTAGIO;100;OPE;OPERANDO;Não Obstrutivo;;;;;;FALSE;;;JOAO.VICTOR;08/05/2026 18:01;INS-14-3;;FALSE;;;;;;;;;;FALSE;;AÇÃO DE MP;;6094-1;;6094;1;103;1;TLG;MSGAS;34920;TLG2-STL;ESTAÇÃO SITREL
;FALSE;205291;20;09/05/2026 08:00;3;C-UFN - Inspeção rotineira da Estação;Concluído;11/05/2026 10:00;;TLG1-C-UFN;UFN3 - ESTAÇÃO DO CLIENTE;INSP;OTLG;;EQUIPAMENTO;;;03/06/2024 08:00;;07/06/2024 17:00;09/05/2026 08:54;27/05/2026 16:19;EMRP_IND;EQUIPAMENTO;;;;;;;;;;;JOAO.VICTOR;08/05/2026 18:01;;;;;;;FALSE;*;;BRL;SEO;;;;;;;;;FALSE;;;;FALSE;;;;;;FALSE;;FALSE;FALSE;2;Precisa de Reprogramação;;;FALSE;FALSE;FALSE;FALSE;LAILA.ESTAGIO;100;OPE;OPERANDO;Não Obstrutivo;;;;;;FALSE;;;JOAO.VICTOR;08/05/2026 18:01;INS-14-3;;FALSE;;;;;;;;;;FALSE;;AÇÃO DE MP;;6095-1;;6095;1;104;1;TLG;MSGAS;34920;TLG1-C-UFN;UFN3 - ESTAÇÃO DO CLIENTE
;FALSE;205292;30;09/05/2026 08:00;3;UO - Inspeção rotineira da Estação;Concluído;11/05/2026 10:00;;TLG1-UO;UNIDADE DE ODORIZAÇÃO;INSP;OTLG;;EQUIPAMENTO;;;03/06/2024 08:00;;07/06/2024 17:00;09/05/2026 08:44;27/05/2026 16:19;;;;;;;;;;;;;JOAO.VICTOR;08/05/2026 18:01;;;;;;;FALSE;*;;BRL;SEO;;;;;;;;;FALSE;;;;FALSE;;;;;;FALSE;;FALSE;FALSE;2;Precisa de Reprogramação;;;FALSE;FALSE;FALSE;FALSE;LAILA.ESTAGIO;100;OPE;OPERANDO;Não Obstrutivo;;;;;;FALSE;;;JOAO.VICTOR;08/05/2026 18:01;INS-14-3;;FALSE;;;;;;;;;;FALSE;;AÇÃO DE MP;;6096-1;;6096;1;104;1;TLG;MSGAS;34920;TLG1-UO;UNIDADE DE ODORIZAÇÃO
;FALSE;205293;40;09/05/2026 08:00;3;VCP (Suzano) - Inspeção rotineira da Estação;Concluído;11/05/2026 10:00;;TLG1-VCP;FIBRIA PAPEL E CELULOSE;INSP;OTLG;;EQUIPAMENTO;;;03/06/2024 08:00;;07/06/2024 17:00;09/05/2026 08:49;27/05/2026 16:19;EMRP_IND;EQUIPAMENTO;;;;;;;;;;;JOAO.VICTOR;08/05/2026 18:01;;;;;;;FALSE;*;;BRL;SEO;;;;;;;;;FALSE;;;;FALSE;;;;;;FALSE;;FALSE;FALSE;2;Precisa de Reprogramação;;;FALSE;FALSE;FALSE;FALSE;LAILA.ESTAGIO;100;OPE;OPERANDO;Não Obstrutivo;;;;;;FALSE;;;JOAO.VICTOR;08/05/2026 18:01;INS-14-3;;FALSE;;;;;;;;;;FALSE;;AÇÃO DE MP;;6097-1;;6097;1;104;1;TLG;MSGAS;34920;TLG1-VCP;FIBRIA PAPEL E CELULOSE
;FALSE;205294;50;09/05/2026 08:00;3;M-UFN - Inspeção rotineira da Estação;Concluído;11/05/2026 10:00;;TLG1-M-UFN;UFN3 - ESTAÇÃO DE MEDIÇÃO;INSP;OTLG;;EQUIPAMENTO;;;03/06/2024 08:00;;07/06/2024 17:00;09/05/2026 08:48;27/05/2026 16:19;EMRP_IND;EQUIPAMENTO;;;;;;;;;;;JOAO.VICTOR;08/05/2026 18:01;;;;;;;FALSE;*;;BRL;SEO;;;;;;;;;FALSE;;;;FALSE;;;;;;FALSE;;FALSE;FALSE;2;Precisa de Reprogramação;;;FALSE;FALSE;FALSE;FALSE;LAILA.ESTAGIO;100;OPE;OPERANDO;Não Obstrutivo;;;;;;FALSE;;;JOAO.VICTOR;08/05/2026 18:01;INS-14-3;;FALSE;;;;;;;;;;FALSE;;AÇÃO DE MP;;6098-1;;6098;1;104;1;TLG;MSGAS;34920;TLG1-M-UFN;UFN3 - ESTAÇÃO DE MEDIÇÃO
;FALSE;205295;60;09/05/2026 08:00;3;ERS2 - Inspeção rotineira da Estação;Concluído;11/05/2026 10:00;;TLG1-ERS2;ESTAÇÃO DE REDUÇÃO SECUNDÁRIA 2;INSP;OTLG;;EQUIPAMENTO;;;03/06/2024 08:00;;07/06/2024 17:00;09/05/2026 08:19;27/05/2026 16:19;EMRP_IND;EQUIPAMENTO;;;;;;;;;;;JOAO.VICTOR;08/05/2026 18:01;;;;;;;FALSE;*;;BRL;SEO;;;;;;;;;FALSE;;;;FALSE;;;;;;FALSE;;FALSE;FALSE;2;Precisa de Reprogramação;;;FALSE;FALSE;FALSE;FALSE;LAILA.ESTAGIO;100;OPE;OPERANDO;Não Obstrutivo;;;;;;FALSE;;;JOAO.VICTOR;08/05/2026 18:01;INS-14-3;;FALSE;;;;;;;;;;FALSE;;AÇÃO DE MP;;6099-1;;6099;1;104;1;TLG;MSGAS;34920;TLG1-ERS2;ESTAÇÃO DE REDUÇÃO SECUNDÁRIA 2
;FALSE;205296;70;09/05/2026 08:00;3;ERS2-FE01 - Inspeção rotineira da Estação;Concluído;11/05/2026 10:00;;TLG1-ERS2-FE01;Medição Tramo 1;INSP;OTLG;;EQUIPAMENTO;;;03/06/2024 08:00;;07/06/2024 17:00;09/05/2026 08:22;27/05/2026 16:19;;;;;;;;;;;;;JOAO.VICTOR;08/05/2026 18:01;;;;;;;FALSE;*;;BRL;SEO;;;;;;;;;FALSE;;;;FALSE;;;;;;FALSE;;FALSE;FALSE;2;Precisa de Reprogramação;;;FALSE;FALSE;FALSE;FALSE;LAILA.ESTAGIO;100;OPE;OPERANDO;Não Obstrutivo;;;;;;FALSE;;;JOAO.VICTOR;08/05/2026 18:01;INS-14-3;;FALSE;;;;;;;;;;FALSE;;AÇÃO DE MP;;6100-1;;6100;1;104;1;TLG;MSGAS;34920;TLG1-ERS2-FE01;Medição Tramo 1
;FALSE;205297;80;09/05/2026 08:00;3;ERS2-FE02 - Inspeção rotineira da Estação;Concluído;11/05/2026 10:00;;TLG1-ERS2-FE02;Medição Tramo 2;INSP;OTLG;;EQUIPAMENTO;;;03/06/2024 08:00;;07/06/2024 17:00;09/05/2026 08:25;27/05/2026 16:19;;;;;;;;;;;;;JOAO.VICTOR;08/05/2026 18:01;;;;;;;FALSE;*;;BRL;SEO;;;;;;;;;FALSE;;;;FALSE;;;;;;FALSE;;FALSE;FALSE;2;Precisa de Reprogramação;;;FALSE;FALSE;FALSE;FALSE;LAILA.ESTAGIO;100;OPE;OPERANDO;Não Obstrutivo;;;;;;FALSE;;;JOAO.VICTOR;08/05/2026 18:01;INS-14-3;;FALSE;;;;;;;;;;FALSE;;AÇÃO DE MP;;6101-1;;6101;1;104;1;TLG;MSGAS;34920;TLG1-ERS2-FE02;Medição Tramo 2
;FALSE;205298;90;09/05/2026 08:00;3;ERS2-FE03 - Inspeção rotineira da Estação;Concluído;11/05/2026 10:00;;TLG1-ERS2-FE03;Medição Tramo 3;INSP;OTLG;;EQUIPAMENTO;;;03/06/2024 08:00;;07/06/2024 17:00;09/05/2026 08:26;27/05/2026 16:19;;;;;;;;;;;;;JOAO.VICTOR;08/05/2026 18:01;;;;;;;FALSE;*;;BRL;SEO;;;;;;;;;FALSE;;;;FALSE;;;;;;FALSE;;FALSE;FALSE;2;Precisa de Reprogramação;;;FALSE;FALSE;FALSE;FALSE;LAILA.ESTAGIO;100;OPE;OPERANDO;Não Obstrutivo;;;;;;FALSE;;;JOAO.VICTOR;08/05/2026 18:01;INS-14-3;;FALSE;;;;;;;;;;FALSE;;AÇÃO DE MP;;6102-1;;6102;1;104;1;TLG;MSGAS;34920;TLG1-ERS2-FE03;Medição Tramo 3
;FALSE;205299;100;09/05/2026 08:00;3;CARGILL - Inspeção rotineira da Estação;Concluído;11/05/2026 10:00;;TLG2-CGL;ESTAÇÃO CARGILL;INSP;OTLG;;EQUIPAMENTO;;;03/06/2024 08:00;;07/06/2024 17:00;09/05/2026 07:08;27/05/2026 16:19;EMRP_IND;EQUIPAMENTO;;;;;;;;;;;JOAO.VICTOR;08/05/2026 18:01;;;;;;;FALSE;*;;BRL;SEO;;;;;;;;;FALSE;;;;FALSE;;;;;;FALSE;;FALSE;FALSE;2;Precisa de Reprogramação;;;FALSE;FALSE;FALSE;FALSE;GIULIO;100;OPE;OPERANDO;Não Obstrutivo;;;;;;FALSE;;;JOAO.VICTOR;08/05/2026 18:01;INS-14-3;;FALSE;;;;;;;;;;FALSE;;AÇÃO DE MP;;6103-1;;6103;1;104;1;TLG;MSGAS;34920;TLG2-CGL;ESTAÇÃO CARGILL
;FALSE;205300;110;09/05/2026 08:00;3;TLG1-VE-02 - Inspeção rotineira da Estação;Concluído;11/05/2026 10:00;;TLG1-VE-02;VBA - KM 18;INSP;OTLG;;EQUIPAMENTO;;;03/06/2024 08:00;;07/06/2024 17:00;09/05/2026 09:26;27/05/2026 16:19;;;;;;;;;;;;;JOAO.VICTOR;08/05/2026 18:01;;;;;;;FALSE;*;;BRL;SEO;;;;;;;;;FALSE;;;;FALSE;;;;;;FALSE;;FALSE;FALSE;2;Precisa de Reprogramação;;;FALSE;FALSE;FALSE;FALSE;LAILA.ESTAGIO;100;OPE;OPERANDO;Não Obstrutivo;;;;;;FALSE;;;JOAO.VICTOR;08/05/2026 18:01;INS-14-3;;FALSE;;;;;;;;;;FALSE;;AÇÃO DE MP;;6104-1;;6104;1;104;1;TLG;MSGAS;34920;TLG1-VE-02;VBA - KM 18
;FALSE;205301;10;09/05/2026 08:00;7;TLG1-ERS - Inspeção rotineira da Estação;Concluído;11/05/2026 16:00;;TLG1-ERS;ESTAÇÃO DE REDUÇÃO SECUNDÁRIA;INSP;OTLG;;EQUIPAMENTO;;;03/06/2024 08:00;;07/06/2024 17:00;09/05/2026 09:37;27/05/2026 16:19;EMRP_IND;EQUIPAMENTO;;;;;;;;;;;JOAO.VICTOR;08/05/2026 18:02;;;;;;;FALSE;*;;BRL;SEO;;;;;;;;;FALSE;;;;FALSE;;;;;;FALSE;;FALSE;FALSE;2;Precisa de Reprogramação;;;FALSE;FALSE;FALSE;FALSE;FELIPEL;100;OPE;OPERANDO;Não Obstrutivo;;;;;;FALSE;;;JOAO.VICTOR;08/05/2026 18:02;INS-ELD3;;FALSE;;;;;;;;;;FALSE;;AÇÃO DE MP;;6119-1;;6119;1;1;1;TLG;MSGAS;34921;TLG1-ERS;ESTAÇÃO DE REDUÇÃO SECUNDÁRIA
;FALSE;205302;20;09/05/2026 08:00;7;TLG1-ERS1-FE01 - Inspeção rotineira da Estação;Concluído;11/05/2026 16:00;;TLG1-ERS1-FE01;Medição - Tramo 01;INSP;OTLG;;EQUIPAMENTO;;;03/06/2024 08:00;;07/06/2024 17:00;09/05/2026 09:41;27/05/2026 16:19;;;;;;;;;;;;;JOAO.VICTOR;08/05/2026 18:02;;;;;;;FALSE;*;;BRL;SEO;;;;;;;;;FALSE;;;;FALSE;;;;;;FALSE;;FALSE;FALSE;2;Precisa de Reprogramação;;;FALSE;FALSE;FALSE;FALSE;LAILA.ESTAGIO;100;OPE;OPERANDO;Não Obstrutivo;;;;;;FALSE;;;JOAO.VICTOR;08/05/2026 18:02;INS-ELD3;;FALSE;;;;;;;;;;FALSE;;AÇÃO DE MP;;6120-1;;6120;1;1;1;TLG;MSGAS;34921;TLG1-ERS1-FE01;Medição - Tramo 01
;FALSE;205303;30;09/05/2026 08:00;7;TLG1-R-ELD - Inspeção rotineira da Estação;Concluído;11/05/2026 16:00;;TLG1-R-ELD;ESTAÇÃO DE CONTROLE DE VAZÃO ELDORADO;INSP;OTLG;;EQUIPAMENTO;;;03/06/2024 08:00;;07/06/2024 17:00;09/05/2026 09:43;27/05/2026 16:19;;;;;;;;;;;;;JOAO.VICTOR;08/05/2026 18:02;;;;;;;FALSE;*;;BRL;SEO;;;;;;;;;FALSE;;;;FALSE;;;;;;FALSE;;FALSE;FALSE;2;Precisa de Reprogramação;;;FALSE;FALSE;FALSE;FALSE;LAILA.ESTAGIO;100;OPE;OPERANDO;Não Obstrutivo;;;;;;FALSE;;;JOAO.VICTOR;08/05/2026 18:02;INS-ELD3;;FALSE;;;;;;;;;;FALSE;;AÇÃO DE MP;;6121-1;;6121;1;1;1;TLG;MSGAS;34921;TLG1-R-ELD;ESTAÇÃO DE CONTROLE DE VAZÃO ELDORADO
;FALSE;205304;40;09/05/2026 08:00;7;TLG2-BG-FE01 - Inspeção rotineira da Estação;Concluído;11/05/2026 16:00;;TLG2-BG-FE01;Medição Tramo 1;INSP;OTLG;;EQUIPAMENTO;;;03/06/2024 08:00;;07/06/2024 17:00;09/05/2026 09:51;27/05/2026 16:19;;;;;;;;;;;;;JOAO.VICTOR;08/05/2026 18:02;;;;;;;FALSE;*;;BRL;SEO;;;;;;;;;FALSE;;;;FALSE;;;;;;FALSE;;FALSE;FALSE;2;Precisa de Reprogramação;;;FALSE;FALSE;FALSE;FALSE;JOAO.VICTOR;100;OPE;OPERANDO;Não Obstrutivo;;;;;;FALSE;;;JOAO.VICTOR;08/05/2026 18:02;INS-ELD3;;FALSE;;;;;;;;;;FALSE;;AÇÃO DE MP;;6122-1;;6122;1;1;1;TLG;MSGAS;34921;TLG2-BG-FE01;Medição Tramo 1
;FALSE;205305;50;09/05/2026 08:00;7;TLG2-FRL - Inspeção rotineira da Estação;Concluído;11/05/2026 16:00;;TLG2-FRL;ESTAÇÃO FERAL;INSP;OTLG;;EQUIPAMENTO;;;03/06/2024 08:00;;07/06/2024 17:00;09/05/2026 09:55;27/05/2026 16:19;EMRP_IND;EQUIPAMENTO;;;;;;;;;;;JOAO.VICTOR;08/05/2026 18:02;;;;;;;FALSE;*;;BRL;SEO;;;;;;;;;FALSE;;;;FALSE;;;;;;FALSE;;FALSE;FALSE;2;Precisa de Reprogramação;;;FALSE;FALSE;FALSE;FALSE;LAILA.ESTAGIO;100;OPE;OPERANDO;Não Obstrutivo;;;;;;FALSE;;;JOAO.VICTOR;08/05/2026 18:02;INS-ELD3;;FALSE;;;;;;;;;;FALSE;;AÇÃO DE MP;;6123-1;;6123;1;1;1;TLG;MSGAS;34921;TLG2-FRL;ESTAÇÃO FERAL
;FALSE;205306;60;09/05/2026 08:00;7;TLG2-MTF - Inspeção rotineira da Estação;Concluído;11/05/2026 16:00;;TLG2-MTF;ESTAÇÃO METALFRIO;INSP;OTLG;;EQUIPAMENTO;;;03/06/2024 08:00;;07/06/2024 17:00;09/05/2026 10:02;27/05/2026 16:19;EMRP_IND;EQUIPAMENTO;;;;;;;;;;;JOAO.VICTOR;08/05/2026 18:02;;;;;;;FALSE;*;;BRL;SEO;;;;;;;;;FALSE;;;;FALSE;;;;;;FALSE;;FALSE;FALSE;2;Precisa de Reprogramação;;;FALSE;FALSE;FALSE;FALSE;LAILA.ESTAGIO;100;OPE;OPERANDO;Não Obstrutivo;;;;;;FALSE;;;JOAO.VICTOR;08/05/2026 18:02;INS-ELD3;;FALSE;;;;;;;;;;FALSE;;AÇÃO DE MP;;6124-1;;6124;1;1;1;TLG;MSGAS;34921;TLG2-MTF;ESTAÇÃO METALFRIO
;FALSE;205307;70;09/05/2026 08:00;7;TLG1-UT - Inspeção rotineira da Estação;Concluído;11/05/2026 16:00;;TLG1-UT;USINA TERMOELÉTRICA;INSP;OTLG;;EQUIPAMENTO;;;03/06/2024 08:00;;07/06/2024 17:00;09/05/2026 10:08;27/05/2026 16:19;EMRP_IND;EQUIPAMENTO;;;;;;;;;;;JOAO.VICTOR;08/05/2026 18:02;;;;;;;FALSE;*;;BRL;SEO;;;;;;;;;FALSE;;;;FALSE;;;;;;FALSE;;FALSE;FALSE;2;Precisa de Reprogramação;;;FALSE;FALSE;FALSE;FALSE;JOAO.VICTOR;100;OPE;OPERANDO;Não Obstrutivo;;;;;;FALSE;;;JOAO.VICTOR;08/05/2026 18:02;INS-ELD3;;FALSE;;;;;;;;;;FALSE;;AÇÃO DE MP;;6125-1;;6125;1;1;1;TLG;MSGAS;34921;TLG1-UT;USINA TERMOELÉTRICA
;FALSE;205308;80;09/05/2026 08:00;7;TLG1-RET-02 - Inspeção rotineira da Estação;Concluído;11/05/2026 16:00;;TLG1-RET-02;RETIFICADOR RAMAL ELDORADO;INSP;OTLG;;EQUIPAMENTO;;;03/06/2024 08:00;;07/06/2024 17:00;09/05/2026 14:11;27/05/2026 16:19;;;;;;;;;;;;;JOAO.VICTOR;08/05/2026 18:02;;;;;;;FALSE;*;;BRL;SEO;;;;;;;;;FALSE;;;;FALSE;;;;;;FALSE;;FALSE;FALSE;2;Precisa de Reprogramação;;;FALSE;FALSE;FALSE;FALSE;JOAO.VICTOR;100;OPE;OPERANDO;Não Obstrutivo;;;;;;FALSE;;;JOAO.VICTOR;08/05/2026 18:02;INS-ELD3;;FALSE;;;;;;;;;;FALSE;;AÇÃO DE MP;;6126-1;;6126;1;1;1;TLG;MSGAS;34921;TLG1-RET-02;RETIFICADOR RAMAL ELDORADO
;FALSE;205309;90;09/05/2026 08:00;7;TLG1-C-ELD - Inspeção rotineira da Estação;Concluído;11/05/2026 16:00;;TLG1-C-ELD;ESTAÇÃO CLIENTE ELDORADO;INSP;OTLG;;EQUIPAMENTO;;;03/06/2024 08:00;;07/06/2024 17:00;09/05/2026 14:34;27/05/2026 16:19;EMRP_IND;EQUIPAMENTO;;;;;;;;;;;JOAO.VICTOR;08/05/2026 18:02;;;;;;;FALSE;*;;BRL;SEO;;;;;;;;;FALSE;;;;FALSE;;;;;;FALSE;;FALSE;FALSE;2;Precisa de Reprogramação;;;FALSE;FALSE;FALSE;FALSE;LAILA.ESTAGIO;100;OPE;OPERANDO;Não Obstrutivo;;;;;;FALSE;;;JOAO.VICTOR;08/05/2026 18:02;INS-ELD3;;FALSE;;;;;;;;;;FALSE;;AÇÃO DE MP;;6127-1;;6127;1;1;1;TLG;MSGAS;34921;TLG1-C-ELD;ESTAÇÃO CLIENTE ELDORADO
;FALSE;205310;100;09/05/2026 08:00;7;TLG1-C-ELD-UTILIDADES - Inspeção rotineira da Estação;Concluído;11/05/2026 16:00;;TLG1-C-ELD-UTILIDADES;Medição Utilidades;INSP;OTLG;;EQUIPAMENTO;;;03/06/2024 08:00;;07/06/2024 17:00;09/05/2026 14:45;27/05/2026 16:19;;;;;;;;;;;;;JOAO.VICTOR;08/05/2026 18:02;;;;;;;FALSE;*;;BRL;SEO;;;;;;;;;FALSE;;;;FALSE;;;;;;FALSE;;FALSE;FALSE;2;Precisa de Reprogramação;;;FALSE;FALSE;FALSE;FALSE;LAILA.ESTAGIO;100;OPE;OPERANDO;Não Obstrutivo;;;;;;FALSE;;;JOAO.VICTOR;08/05/2026 18:02;INS-ELD3;;FALSE;;;;;;;;;;FALSE;;AÇÃO DE MP;;6128-1;;6128;1;1;1;TLG;MSGAS;34921;TLG1-C-ELD-UTILIDADES;Medição Utilidades
;FALSE;205311;110;09/05/2026 08:00;7;TLG1-VE-14 - Inspeção rotineira da Estação;Concluído;11/05/2026 16:00;;TLG1-VE-14;VBA ELD -  KM 17;INSP;OTLG;;EQUIPAMENTO;;;03/06/2024 08:00;;07/06/2024 17:00;09/05/2026 14:06;27/05/2026 16:19;;;;;;;;;;;;;JOAO.VICTOR;08/05/2026 18:02;;;;;;;FALSE;*;;BRL;SEO;;;;;;;;;FALSE;;;;FALSE;;;;;;FALSE;;FALSE;FALSE;2;Precisa de Reprogramação;;;FALSE;FALSE;FALSE;FALSE;LAILA.ESTAGIO;100;OPE;OPERANDO;Não Obstrutivo;;;;;;FALSE;;;JOAO.VICTOR;08/05/2026 18:02;INS-ELD3;;FALSE;;;;;;;;;;FALSE;;AÇÃO DE MP;;6129-1;;6129;1;1;1;TLG;MSGAS;34921;TLG1-VE-14;VBA ELD -  KM 17
;FALSE;205384;10;21/05/2026 14:02;3;TLG2-VE-62 - Inspecionar caixa de válvula registrando foto e preenchendo medidas do objeto;Concluído;22/05/2026 08:02;;TLG2-VE-62;Valvula - Linha - Av. Capitão Olinto Mancini esquina com Av. Prof. João Thomes (DN160);INSP;TLG;;EQUIPAMENTO;;;24/08/2026 08:00;;28/08/2026 17:00;15/05/2026 10:51;15/05/2026 13:43;;;;;;;;;;;;;JOAO.VICTOR;14/05/2026 17:46;;;;;;;FALSE;*;;BRL;SEO;;;;;;;;;FALSE;;;;FALSE;;;;;;FALSE;;FALSE;FALSE;2;Precisa de Reprogramação;;;FALSE;FALSE;FALSE;FALSE;LAILA.ESTAGIO;100;;;;;;;;;FALSE;;;JOAO.VICTOR;14/05/2026 17:46;VALV8;;FALSE;;;;;;;;;;FALSE;;AÇÃO DE MP;;5061-1;;5061;1;7;1;TLG;MSGAS;34968;TLG2-VE-62;Valvula - Linha - Av. Capitão Olinto Mancini esquina com Av. Prof. João Thomes (DN160)
;FALSE;205385;20;21/05/2026 14:02;3;TLG2-VE-63 - Inspecionar caixa de válvula registrando foto e preenchendo medidas do objeto;Concluído;22/05/2026 08:02;;TLG2-VE-63;Valvula - Derivação - Hospital Regional BR158 – frente Corttex (DN63-CJ);INSP;TLG;;EQUIPAMENTO;;;24/08/2026 08:00;;28/08/2026 17:00;15/05/2026 07:57;15/05/2026 13:38;;;;;;;;;;;;;JOAO.VICTOR;14/05/2026 17:46;;;;;;;FALSE;*;;BRL;SEO;;;;;;;;;FALSE;;;;FALSE;;;;;;FALSE;;FALSE;FALSE;2;Precisa de Reprogramação;;;FALSE;FALSE;FALSE;FALSE;LAILA.ESTAGIO;100;;;;;;;;;FALSE;;;JOAO.VICTOR;14/05/2026 17:46;VALV8;;FALSE;;;;;;;;;;FALSE;;AÇÃO DE MP;;5062-1;;5062;1;7;1;TLG;MSGAS;34968;TLG2-VE-63;Valvula - Derivação - Hospital Regional BR158 – frente Corttex (DN63-CJ)
;FALSE;205386;30;21/05/2026 14:02;3;TLG2-VE-64 - Inspecionar caixa de válvula registrando foto e preenchendo medidas do objeto;Concluído;22/05/2026 08:02;;TLG2-VE-64;Valvula - Derivação - Na telha Cupim – Av. Rosário Congro (DN160);INSP;TLG;;EQUIPAMENTO;;;24/08/2026 08:00;;28/08/2026 17:00;15/05/2026 10:30;15/05/2026 14:11;;;;;;;;;;;;;JOAO.VICTOR;14/05/2026 17:46;;;;;;;FALSE;*;;BRL;SEO;;;;;;;;;FALSE;;;;FALSE;;;;;;FALSE;;FALSE;FALSE;2;Precisa de Reprogramação;;;FALSE;FALSE;FALSE;FALSE;LAILA.ESTAGIO;100;;;;;;;;;FALSE;;;JOAO.VICTOR;14/05/2026 17:46;VALV8;;FALSE;;;;;;;;;;FALSE;;AÇÃO DE MP;;5063-1;;5063;1;7;1;TLG;MSGAS;34968;TLG2-VE-64;Valvula - Derivação - Na telha Cupim – Av. Rosário Congro (DN160)
;FALSE;205387;40;21/05/2026 14:02;3;TLG2-VE-65 - Inspecionar caixa de válvula registrando foto e preenchendo medidas do objeto;Concluído;22/05/2026 08:02;;TLG2-VE-65;Valvula – Av. Capitão Olinto Mancini x Av. João Thomes (DN63);INSP;TLG;;EQUIPAMENTO;;;24/08/2026 08:00;;28/08/2026 17:00;15/05/2026 11:01;15/05/2026 13:54;;;;;;;;;;;;;JOAO.VICTOR;14/05/2026 17:46;;;;;;;FALSE;*;;BRL;SEO;;;;;;;;;FALSE;;;;FALSE;;;;;;FALSE;;FALSE;FALSE;2;Precisa de Reprogramação;;;FALSE;FALSE;FALSE;FALSE;LAILA.ESTAGIO;100;;;;;;;;;FALSE;;;JOAO.VICTOR;14/05/2026 17:46;VALV8;;FALSE;;;;;;;;;;FALSE;;AÇÃO DE MP;;5064-1;;5064;1;7;1;TLG;MSGAS;34968;TLG2-VE-65;Valvula – Av. Capitão Olinto Mancini x Av. João Thomes (DN63)
;FALSE;205388;50;21/05/2026 14:02;3;TLG2-VE-66 - Inspecionar caixa de válvula registrando foto e preenchendo medidas do objeto;Concluído;22/05/2026 08:02;;TLG2-VE-66;Valvula – Av. Eloy Chaves x R. Euridice Chagas (DN63);INSP;TLG;;EQUIPAMENTO;;;24/08/2026 08:00;;28/08/2026 17:00;15/05/2026 13:51;15/05/2026 14:07;;;;;;;;;;;;;JOAO.VICTOR;14/05/2026 17:46;;;;;;;FALSE;*;;BRL;SEO;;;;;;;;;FALSE;;;;FALSE;;;;;;FALSE;;FALSE;FALSE;2;Precisa de Reprogramação;;;FALSE;FALSE;FALSE;FALSE;LAILA.ESTAGIO;100;;;;;;;;;FALSE;;;JOAO.VICTOR;14/05/2026 17:46;VALV8;;FALSE;;;;;;;;;;FALSE;;AÇÃO DE MP;;5065-1;;5065;1;7;1;TLG;MSGAS;34968;TLG2-VE-66;Valvula – Av. Eloy Chaves x R. Euridice Chagas (DN63)
;FALSE;205389;60;21/05/2026 14:02;3;TLG2-VE-67 - Inspecionar caixa de válvula registrando foto e preenchendo medidas do objeto;Concluído;22/05/2026 08:02;;TLG2-VE-67;Valvula – Derivação - Av. Duque de Caxias x R. Dr. Orestes Prata Tibery (DN63);INSP;TLG;;EQUIPAMENTO;;;24/08/2026 08:00;;28/08/2026 17:00;15/05/2026 08:21;26/06/2026 15:12;;;;;;;;;;;;;JOAO.VICTOR;14/05/2026 17:46;;;;;;;FALSE;*;;BRL;SEO;;;;;;;;;FALSE;;;;FALSE;;;;;;FALSE;;FALSE;FALSE;2;Precisa de Reprogramação;;;FALSE;FALSE;FALSE;FALSE;LAILA.ESTAGIO;100;;;;;;;;;FALSE;;;JOAO.VICTOR;14/05/2026 17:46;VALV8;;FALSE;;;;;;;;;;FALSE;;AÇÃO DE MP;;5066-1;;5066;1;7;1;TLG;MSGAS;34968;TLG2-VE-67;Valvula – Derivação - Av. Duque de Caxias x R. Dr. Orestes Prata Tibery (DN63)
;FALSE;205390;70;21/05/2026 14:02;3;TLG2-VE-68 - Inspecionar caixa de válvula registrando foto e preenchendo medidas do objeto;Concluído;22/05/2026 08:02;;TLG2-VE-68;Valvula – Derivação - Av. Filinto Muller x R. Dr. Munir Thomé (DN63);INSP;TLG;;EQUIPAMENTO;;;24/08/2026 08:00;;28/08/2026 17:00;15/05/2026 13:52;26/06/2026 15:12;;;;;;;;;;;;;JOAO.VICTOR;14/05/2026 17:46;;;;;;;FALSE;*;;BRL;SEO;;;;;;;;;FALSE;;;;FALSE;;;;;;FALSE;;FALSE;FALSE;2;Precisa de Reprogramação;;;FALSE;FALSE;FALSE;FALSE;LAILA.ESTAGIO;100;;;;;;;;;FALSE;;;JOAO.VICTOR;14/05/2026 17:46;VALV8;;FALSE;;;;;;;;;;FALSE;;AÇÃO DE MP;;5067-1;;5067;1;7;1;TLG;MSGAS;34968;TLG2-VE-68;Valvula – Derivação - Av. Filinto Muller x R. Dr. Munir Thomé (DN63)
;FALSE;205391;80;21/05/2026 14:02;3;TLG2-VE-69 - Inspecionar caixa de válvula registrando foto e preenchendo medidas do objeto;Concluído;22/05/2026 08:02;;TLG2-VE-69;Valvula - Derivação - Av. Filinto Muller x Rua José Almicar Congro Bastos (DN63);INSP;TLG;;EQUIPAMENTO;;;24/08/2026 08:00;;28/08/2026 17:00;15/05/2026 13:57;15/05/2026 13:58;;;;;;;;;;;;;JOAO.VICTOR;14/05/2026 17:46;;;;;;;FALSE;*;;BRL;SEO;;;;;;;;;FALSE;;;;FALSE;;;;;;FALSE;;FALSE;FALSE;2;Precisa de Reprogramação;;;FALSE;FALSE;FALSE;FALSE;LAILA.ESTAGIO;100;;;;;;;;;FALSE;;;JOAO.VICTOR;14/05/2026 17:46;VALV8;;FALSE;;;;;;;;;;FALSE;;AÇÃO DE MP;;5068-1;;5068;1;7;1;TLG;MSGAS;34968;TLG2-VE-69;Valvula - Derivação - Av. Filinto Muller x Rua José Almicar Congro Bastos (DN63)
;FALSE;205392;90;21/05/2026 14:02;3;TLG2-VE-70 - Inspecionar caixa de válvula registrando foto e preenchendo medidas do objeto;Concluído;22/05/2026 08:02;;TLG2-VE-70;Válvula - Derivação - Rosário Congro Bastos x Av. Eloy Chaves (DN63);INSP;TLG;;EQUIPAMENTO;;;24/08/2026 08:00;;28/08/2026 17:00;15/05/2026 08:59;21/05/2026 14:31;;;;;;;;;;;;;JOAO.VICTOR;14/05/2026 17:46;;;;;;;FALSE;*;;BRL;SEO;;;;;;;;;FALSE;;;;FALSE;;;;;;FALSE;;FALSE;FALSE;2;Precisa de Reprogramação;;;FALSE;FALSE;FALSE;FALSE;LAILA.ESTAGIO;100;;;;;;;;;FALSE;;;JOAO.VICTOR;14/05/2026 17:46;VALV8;;FALSE;;;;;;;;;;FALSE;;AÇÃO DE MP;;5069-1;;5069;1;7;1;TLG;MSGAS;34968;TLG2-VE-70;Válvula - Derivação - Rosário Congro Bastos x Av. Eloy Chaves (DN63)
;FALSE;205460;10;20/05/2026 07:00;3;TLG1-ERS - Inspeção rotineira da Estação;Concluído;20/05/2026 10:00;;TLG1-ERS;ESTAÇÃO DE REDUÇÃO SECUNDÁRIA;INSP;OTLG;;EQUIPAMENTO;;;18/05/2026 08:00;;22/05/2026 17:00;20/05/2026 10:32;27/05/2026 16:21;EMRP_IND;EQUIPAMENTO;;;;;;;;;;;JOAO.VICTOR;15/05/2026 11:50;;;;;;;FALSE;*;;BRL;SEO;;;;;;;;;FALSE;;;;FALSE;;;;;;FALSE;;FALSE;FALSE;2;Precisa de Reprogramação;;;FALSE;FALSE;FALSE;FALSE;FELIPEL;100;OPE;OPERANDO;Não Obstrutivo;;;;;;FALSE;;;JOAO.VICTOR;15/05/2026 11:50;INS-ELD2;;FALSE;;;;;;;;;;FALSE;;AÇÃO DE MP;;6108-1;;6108;1;104;1;TLG;MSGAS;34986;TLG1-ERS;ESTAÇÃO DE REDUÇÃO SECUNDÁRIA
;FALSE;205461;20;20/05/2026 07:00;3;TLG1-ERS1-FE01 - Inspeção rotineira da Estação;Concluído;20/05/2026 10:00;;TLG1-ERS1-FE01;Medição - Tramo 01;INSP;OTLG;;EQUIPAMENTO;;;18/05/2026 08:00;;22/05/2026 17:00;20/05/2026 10:31;27/05/2026 16:21;;;;;;;;;;;;;JOAO.VICTOR;15/05/2026 11:50;;;;;;;FALSE;*;;BRL;SEO;;;;;;;;;FALSE;;;;FALSE;;;;;;FALSE;;FALSE;FALSE;2;Precisa de Reprogramação;;;FALSE;FALSE;FALSE;FALSE;LAILA.ESTAGIO;100;OPE;OPERANDO;Não Obstrutivo;;;;;;FALSE;;;JOAO.VICTOR;15/05/2026 11:50;INS-ELD2;;FALSE;;;;;;;;;;FALSE;;AÇÃO DE MP;;6109-1;;6109;1;104;1;TLG;MSGAS;34986;TLG1-ERS1-FE01;Medição - Tramo 01
;FALSE;205462;30;20/05/2026 07:00;3;TLG1-R-ELD - Inspeção rotineira da Estação;Concluído;20/05/2026 10:00;;TLG1-R-ELD;ESTAÇÃO DE CONTROLE DE VAZÃO ELDORADO;INSP;OTLG;;EQUIPAMENTO;;;18/05/2026 08:00;;22/05/2026 17:00;20/05/2026 10:37;27/05/2026 16:21;;;;;;;;;;;;;JOAO.VICTOR;15/05/2026 11:50;;;;;;;FALSE;*;;BRL;SEO;;;;;;;;;FALSE;;;;FALSE;;;;;;FALSE;;FALSE;FALSE;2;Precisa de Reprogramação;;;FALSE;FALSE;FALSE;FALSE;LAILA.ESTAGIO;100;OPE;OPERANDO;Não Obstrutivo;;;;;;FALSE;;;JOAO.VICTOR;15/05/2026 11:50;INS-ELD2;;FALSE;;;;;;;;;;FALSE;;AÇÃO DE MP;;6110-1;;6110;1;104;1;TLG;MSGAS;34986;TLG1-R-ELD;ESTAÇÃO DE CONTROLE DE VAZÃO ELDORADO
;FALSE;205463;40;20/05/2026 07:00;3;TLG2-BG-FE01 - Inspeção rotineira da Estação;Cancelado;20/05/2026 10:00;;TLG2-BG-FE01;Medição Tramo 1;INSP;OTLG;;EQUIPAMENTO;;;18/05/2026 08:00;;22/05/2026 17:00;;;;;;;;;;;;;;;JOAO.VICTOR;15/05/2026 11:50;;;;;;;FALSE;*;;BRL;SEO;;;;;;;;;FALSE;;;;FALSE;;;;;;FALSE;;FALSE;FALSE;2;Precisa de Reprogramação;;;FALSE;FALSE;FALSE;FALSE;JOAO.VICTOR;0;OPE;OPERANDO;Não Obstrutivo;;;;;;FALSE;SNR;SERVIÇO NÃO REALIZADO;JOAO.VICTOR;15/05/2026 11:50;INS-ELD2;;FALSE;;;;;;;;;;FALSE;;AÇÃO DE MP;;6111-1;;6111;1;104;1;TLG;MSGAS;34986;TLG2-BG-FE01;Medição Tramo 1
;FALSE;205464;50;20/05/2026 07:00;3;TLG2-FRL - Inspeção rotineira da Estação;Concluído;20/05/2026 10:00;;TLG2-FRL;ESTAÇÃO FERAL;INSP;OTLG;;EQUIPAMENTO;;;18/05/2026 08:00;;22/05/2026 17:00;20/05/2026 10:24;27/05/2026 16:21;EMRP_IND;EQUIPAMENTO;;;;;;;;;;;JOAO.VICTOR;15/05/2026 11:50;;;;;;;FALSE;*;;BRL;SEO;;;;;;;;;FALSE;;;;FALSE;;;;;;FALSE;;FALSE;FALSE;2;Precisa de Reprogramação;;;FALSE;FALSE;FALSE;FALSE;LAILA.ESTAGIO;100;OPE;OPERANDO;Não Obstrutivo;;;;;;FALSE;;;JOAO.VICTOR;15/05/2026 11:50;INS-ELD2;;FALSE;;;;;;;;;;FALSE;;AÇÃO DE MP;;6112-1;;6112;1;104;1;TLG;MSGAS;34986;TLG2-FRL;ESTAÇÃO FERAL
;FALSE;205465;60;20/05/2026 07:00;3;TLG2-MTF - Inspeção rotineira da Estação;Concluído;20/05/2026 10:00;;TLG2-MTF;ESTAÇÃO METALFRIO;INSP;OTLG;;EQUIPAMENTO;;;18/05/2026 08:00;;22/05/2026 17:00;20/05/2026 10:16;27/05/2026 16:21;EMRP_IND;EQUIPAMENTO;;;;;;;;;;;JOAO.VICTOR;15/05/2026 11:50;;;;;;;FALSE;*;;BRL;SEO;;;;;;;;;FALSE;;;;FALSE;;;;;;FALSE;;FALSE;FALSE;2;Precisa de Reprogramação;;;FALSE;FALSE;FALSE;FALSE;LAILA.ESTAGIO;100;OPE;OPERANDO;Não Obstrutivo;;;;;;FALSE;;;JOAO.VICTOR;15/05/2026 11:50;INS-ELD2;;FALSE;;;;;;;;;;FALSE;;AÇÃO DE MP;;6113-1;;6113;1;104;1;TLG;MSGAS;34986;TLG2-MTF;ESTAÇÃO METALFRIO
;FALSE;205466;70;20/05/2026 07:00;3;TLG1-UT - Inspeção rotineira da Estação;Concluído;20/05/2026 10:00;;TLG1-UT;USINA TERMOELÉTRICA;INSP;OTLG;;EQUIPAMENTO;;;18/05/2026 08:00;;22/05/2026 17:00;20/05/2026 10:06;27/05/2026 16:21;EMRP_IND;EQUIPAMENTO;;;;;;;;;;;JOAO.VICTOR;15/05/2026 11:50;;;;;;;FALSE;*;;BRL;SEO;;;;;;;;;FALSE;;;;FALSE;;;;;;FALSE;;FALSE;FALSE;2;Precisa de Reprogramação;;;FALSE;FALSE;FALSE;FALSE;JOAO.VICTOR;100;OPE;OPERANDO;Não Obstrutivo;;;;;;FALSE;;;JOAO.VICTOR;15/05/2026 11:50;INS-ELD2;;FALSE;;;;;;;;;;FALSE;;AÇÃO DE MP;;6114-1;;6114;1;104;1;TLG;MSGAS;34986;TLG1-UT;USINA TERMOELÉTRICA
;FALSE;205467;80;20/05/2026 07:00;3;TLG1-RET-02 - Inspeção rotineira da Estação;Concluído;20/05/2026 10:00;;TLG1-RET-02;RETIFICADOR RAMAL ELDORADO;INSP;OTLG;;EQUIPAMENTO;;;18/05/2026 08:00;;22/05/2026 17:00;20/05/2026 08:17;27/05/2026 16:21;;;;;;;;;;;;;JOAO.VICTOR;15/05/2026 11:50;;;;;;;FALSE;*;;BRL;SEO;;;;;;;;;FALSE;;;;FALSE;;;;;;FALSE;;FALSE;FALSE;2;Precisa de Reprogramação;;;FALSE;FALSE;FALSE;FALSE;JOAO.VICTOR;100;OPE;OPERANDO;Não Obstrutivo;;;;;;FALSE;;;JOAO.VICTOR;15/05/2026 11:50;INS-ELD2;;FALSE;;;;;;;;;;FALSE;;AÇÃO DE MP;;6115-1;;6115;1;104;1;TLG;MSGAS;34986;TLG1-RET-02;RETIFICADOR RAMAL ELDORADO
;FALSE;205468;90;20/05/2026 07:00;3;TLG1-C-ELD - Inspeção rotineira da Estação;Concluído;20/05/2026 10:00;;TLG1-C-ELD;ESTAÇÃO CLIENTE ELDORADO;INSP;OTLG;;EQUIPAMENTO;;;18/05/2026 08:00;;22/05/2026 17:00;20/05/2026 08:58;27/05/2026 16:21;EMRP_IND;EQUIPAMENTO;;;;;;;;;;;JOAO.VICTOR;15/05/2026 11:50;;;;;;;FALSE;*;;BRL;SEO;;;;;;;;;FALSE;;;;FALSE;;;;;;FALSE;;FALSE;FALSE;2;Precisa de Reprogramação;;;FALSE;FALSE;FALSE;FALSE;LAILA.ESTAGIO;100;OPE;OPERANDO;Não Obstrutivo;;;;;;FALSE;;;JOAO.VICTOR;15/05/2026 11:50;INS-ELD2;;FALSE;;;;;;;;;;FALSE;;AÇÃO DE MP;;6116-1;;6116;1;104;1;TLG;MSGAS;34986;TLG1-C-ELD;ESTAÇÃO CLIENTE ELDORADO
;FALSE;205469;100;20/05/2026 07:00;3;TLG1-C-ELD-UTILIDADES - Inspeção rotineira da Estação;Cancelado;20/05/2026 10:00;;TLG1-C-ELD-UTILIDADES;Medição Utilidades;INSP;OTLG;;EQUIPAMENTO;;;18/05/2026 08:00;;22/05/2026 17:00;;;;;;;;;;;;;;;JOAO.VICTOR;15/05/2026 11:50;;;;;;;FALSE;*;;BRL;SEO;;;;;;;;;FALSE;;;;FALSE;;;;;;FALSE;;FALSE;FALSE;2;Precisa de Reprogramação;;;FALSE;FALSE;FALSE;FALSE;LAILA.ESTAGIO;0;OPE;OPERANDO;Não Obstrutivo;;;;;;FALSE;SNR;SERVIÇO NÃO REALIZADO;JOAO.VICTOR;15/05/2026 11:50;INS-ELD2;;FALSE;;;;;;;;;;FALSE;;AÇÃO DE MP;;6117-1;;6117;1;104;1;TLG;MSGAS;34986;TLG1-C-ELD-UTILIDADES;Medição Utilidades
;FALSE;205470;110;20/05/2026 07:00;3;TLG1-VE-14 - Inspeção rotineira da Estação;Concluído;20/05/2026 10:00;;TLG1-VE-14;VBA ELD -  KM 17;INSP;OTLG;;EQUIPAMENTO;;;18/05/2026 08:00;;22/05/2026 17:00;20/05/2026 09:40;27/05/2026 16:21;;;;;;;;;;;;;JOAO.VICTOR;15/05/2026 11:50;;;;;;;FALSE;*;;BRL;SEO;;;;;;;;;FALSE;;;;FALSE;;;;;;FALSE;;FALSE;FALSE;2;Precisa de Reprogramação;;;FALSE;FALSE;FALSE;FALSE;LAILA.ESTAGIO;100;OPE;OPERANDO;Não Obstrutivo;;;;;;FALSE;;;JOAO.VICTOR;15/05/2026 11:50;INS-ELD2;;FALSE;;;;;;;;;;FALSE;;AÇÃO DE MP;;6118-1;;6118;1;104;1;TLG;MSGAS;34986;TLG1-VE-14;VBA ELD -  KM 17
;FALSE;205471;10;23/05/2026 08:00;3;TLG1-ERS - Inspeção rotineira da Estação;Concluído;25/05/2026 10:00;;TLG1-ERS;ESTAÇÃO DE REDUÇÃO SECUNDÁRIA;INSP;OTLG;;EQUIPAMENTO;;;18/05/2026 08:00;;22/05/2026 17:00;23/05/2026 07:49;27/05/2026 16:22;EMRP_IND;EQUIPAMENTO;;;;;;;;;;;JOAO.VICTOR;15/05/2026 11:50;;;;;;;FALSE;*;;BRL;SEO;;;;;;;;;FALSE;;;;FALSE;;;;;;FALSE;;FALSE;FALSE;2;Precisa de Reprogramação;;;FALSE;FALSE;FALSE;FALSE;FELIPEL;100;OPE;OPERANDO;Não Obstrutivo;;;;;;FALSE;;;JOAO.VICTOR;15/05/2026 11:50;INS-ELD3;;FALSE;;;;;;;;;;FALSE;;AÇÃO DE MP;;6119-1;;6119;1;103;1;TLG;MSGAS;34987;TLG1-ERS;ESTAÇÃO DE REDUÇÃO SECUNDÁRIA
;FALSE;205472;20;23/05/2026 08:00;3;TLG1-ERS1-FE01 - Inspeção rotineira da Estação;Concluído;25/05/2026 10:00;;TLG1-ERS1-FE01;Medição - Tramo 01;INSP;OTLG;;EQUIPAMENTO;;;18/05/2026 08:00;;22/05/2026 17:00;23/05/2026 07:54;27/05/2026 16:22;;;;;;;;;;;;;JOAO.VICTOR;15/05/2026 11:50;;;;;;;FALSE;*;;BRL;SEO;;;;;;;;;FALSE;;;;FALSE;;;;;;FALSE;;FALSE;FALSE;2;Precisa de Reprogramação;;;FALSE;FALSE;FALSE;FALSE;LAILA.ESTAGIO;100;OPE;OPERANDO;Não Obstrutivo;;;;;;FALSE;;;JOAO.VICTOR;15/05/2026 11:50;INS-ELD3;;FALSE;;;;;;;;;;FALSE;;AÇÃO DE MP;;6120-1;;6120;1;103;1;TLG;MSGAS;34987;TLG1-ERS1-FE01;Medição - Tramo 01
;FALSE;205473;30;23/05/2026 08:00;3;TLG1-R-ELD - Inspeção rotineira da Estação;Concluído;25/05/2026 10:00;;TLG1-R-ELD;ESTAÇÃO DE CONTROLE DE VAZÃO ELDORADO;INSP;OTLG;;EQUIPAMENTO;;;18/05/2026 08:00;;22/05/2026 17:00;23/05/2026 07:54;27/05/2026 16:22;;;;;;;;;;;;;JOAO.VICTOR;15/05/2026 11:50;;;;;;;FALSE;*;;BRL;SEO;;;;;;;;;FALSE;;;;FALSE;;;;;;FALSE;;FALSE;FALSE;2;Precisa de Reprogramação;;;FALSE;FALSE;FALSE;FALSE;LAILA.ESTAGIO;100;OPE;OPERANDO;Não Obstrutivo;;;;;;FALSE;;;JOAO.VICTOR;15/05/2026 11:50;INS-ELD3;;FALSE;;;;;;;;;;FALSE;;AÇÃO DE MP;;6121-1;;6121;1;103;1;TLG;MSGAS;34987;TLG1-R-ELD;ESTAÇÃO DE CONTROLE DE VAZÃO ELDORADO
;FALSE;205474;40;23/05/2026 08:00;3;TLG2-BG-FE01 - Inspeção rotineira da Estação;Cancelado;25/05/2026 10:00;;TLG2-BG-FE01;Medição Tramo 1;INSP;OTLG;;EQUIPAMENTO;;;18/05/2026 08:00;;22/05/2026 17:00;;;;;;;;;;;;;;;JOAO.VICTOR;15/05/2026 11:50;;;;;;;FALSE;*;;BRL;SEO;;;;;;;;;FALSE;;;;FALSE;;;;;;FALSE;;FALSE;FALSE;2;Precisa de Reprogramação;;;FALSE;FALSE;FALSE;FALSE;JOAO.VICTOR;0;OPE;OPERANDO;Não Obstrutivo;;;;;;FALSE;SNR;SERVIÇO NÃO REALIZADO;JOAO.VICTOR;15/05/2026 11:50;INS-ELD3;;FALSE;;;;;;;;;;FALSE;;AÇÃO DE MP;;6122-1;;6122;1;103;1;TLG;MSGAS;34987;TLG2-BG-FE01;Medição Tramo 1
;FALSE;205475;50;23/05/2026 08:00;3;TLG2-FRL - Inspeção rotineira da Estação;Concluído;25/05/2026 10:00;;TLG2-FRL;ESTAÇÃO FERAL;INSP;OTLG;;EQUIPAMENTO;;;18/05/2026 08:00;;22/05/2026 17:00;23/05/2026 08:06;27/05/2026 16:22;EMRP_IND;EQUIPAMENTO;;;;;;;;;;;JOAO.VICTOR;15/05/2026 11:50;;;;;;;FALSE;*;;BRL;SEO;;;;;;;;;FALSE;;;;FALSE;;;;;;FALSE;;FALSE;FALSE;2;Precisa de Reprogramação;;;FALSE;FALSE;FALSE;FALSE;LAILA.ESTAGIO;100;OPE;OPERANDO;Não Obstrutivo;;;;;;FALSE;;;JOAO.VICTOR;15/05/2026 11:50;INS-ELD3;;FALSE;;;;;;;;;;FALSE;;AÇÃO DE MP;;6123-1;;6123;1;103;1;TLG;MSGAS;34987;TLG2-FRL;ESTAÇÃO FERAL
;FALSE;205476;60;23/05/2026 08:00;3;TLG2-MTF - Inspeção rotineira da Estação;Concluído;25/05/2026 10:00;;TLG2-MTF;ESTAÇÃO METALFRIO;INSP;OTLG;;EQUIPAMENTO;;;18/05/2026 08:00;;22/05/2026 17:00;23/05/2026 08:11;27/05/2026 16:22;EMRP_IND;EQUIPAMENTO;;;;;;;;;;;JOAO.VICTOR;15/05/2026 11:50;;;;;;;FALSE;*;;BRL;SEO;;;;;;;;;FALSE;;;;FALSE;;;;;;FALSE;;FALSE;FALSE;2;Precisa de Reprogramação;;;FALSE;FALSE;FALSE;FALSE;LAILA.ESTAGIO;100;OPE;OPERANDO;Não Obstrutivo;;;;;;FALSE;;;JOAO.VICTOR;15/05/2026 11:50;INS-ELD3;;FALSE;;;;;;;;;;FALSE;;AÇÃO DE MP;;6124-1;;6124;1;103;1;TLG;MSGAS;34987;TLG2-MTF;ESTAÇÃO METALFRIO
;FALSE;205477;70;23/05/2026 08:00;3;TLG1-UT - Inspeção rotineira da Estação;Concluído;25/05/2026 10:00;;TLG1-UT;USINA TERMOELÉTRICA;INSP;OTLG;;EQUIPAMENTO;;;18/05/2026 08:00;;22/05/2026 17:00;23/05/2026 08:17;27/05/2026 16:22;EMRP_IND;EQUIPAMENTO;;;;;;;;;;;JOAO.VICTOR;15/05/2026 11:50;;;;;;;FALSE;*;;BRL;SEO;;;;;;;;;FALSE;;;;FALSE;;;;;;FALSE;;FALSE;FALSE;2;Precisa de Reprogramação;;;FALSE;FALSE;FALSE;FALSE;JOAO.VICTOR;100;OPE;OPERANDO;Não Obstrutivo;;;;;;FALSE;;;JOAO.VICTOR;15/05/2026 11:50;INS-ELD3;;FALSE;;;;;;;;;;FALSE;;AÇÃO DE MP;;6125-1;;6125;1;103;1;TLG;MSGAS;34987;TLG1-UT;USINA TERMOELÉTRICA
;FALSE;205478;80;23/05/2026 08:00;3;TLG1-RET-02 - Inspeção rotineira da Estação;Concluído;25/05/2026 10:00;;TLG1-RET-02;RETIFICADOR RAMAL ELDORADO;INSP;OTLG;;EQUIPAMENTO;;;18/05/2026 08:00;;22/05/2026 17:00;23/05/2026 08:55;27/05/2026 16:22;;;;;;;;;;;;;JOAO.VICTOR;15/05/2026 11:50;;;;;;;FALSE;*;;BRL;SEO;;;;;;;;;FALSE;;;;FALSE;;;;;;FALSE;;FALSE;FALSE;2;Precisa de Reprogramação;;;FALSE;FALSE;FALSE;FALSE;JOAO.VICTOR;100;OPE;OPERANDO;Não Obstrutivo;;;;;;FALSE;;;JOAO.VICTOR;15/05/2026 11:50;INS-ELD3;;FALSE;;;;;;;;;;FALSE;;AÇÃO DE MP;;6126-1;;6126;1;103;1;TLG;MSGAS;34987;TLG1-RET-02;RETIFICADOR RAMAL ELDORADO
;FALSE;205479;90;23/05/2026 08:00;3;TLG1-C-ELD - Inspeção rotineira da Estação;Concluído;25/05/2026 10:00;;TLG1-C-ELD;ESTAÇÃO CLIENTE ELDORADO;INSP;OTLG;;EQUIPAMENTO;;;18/05/2026 08:00;;22/05/2026 17:00;23/05/2026 09:27;27/05/2026 16:22;EMRP_IND;EQUIPAMENTO;;;;;;;;;;;JOAO.VICTOR;15/05/2026 11:50;;;;;;;FALSE;*;;BRL;SEO;;;;;;;;;FALSE;;;;FALSE;;;;;;FALSE;;FALSE;FALSE;2;Precisa de Reprogramação;;;FALSE;FALSE;FALSE;FALSE;LAILA.ESTAGIO;100;OPE;OPERANDO;Não Obstrutivo;;;;;;FALSE;;;JOAO.VICTOR;15/05/2026 11:50;INS-ELD3;;FALSE;;;;;;;;;;FALSE;;AÇÃO DE MP;;6127-1;;6127;1;103;1;TLG;MSGAS;34987;TLG1-C-ELD;ESTAÇÃO CLIENTE ELDORADO
;FALSE;205480;100;23/05/2026 08:00;3;TLG1-C-ELD-UTILIDADES - Inspeção rotineira da Estação;Concluído;25/05/2026 10:00;;TLG1-C-ELD-UTILIDADES;Medição Utilidades;INSP;OTLG;;EQUIPAMENTO;;;18/05/2026 08:00;;22/05/2026 17:00;23/05/2026 07:58;27/05/2026 16:22;;;;;;;;;;;;;JOAO.VICTOR;15/05/2026 11:50;;;;;;;FALSE;*;;BRL;SEO;;;;;;;;;FALSE;;;;FALSE;;;;;;FALSE;;FALSE;FALSE;2;Precisa de Reprogramação;;;FALSE;FALSE;FALSE;FALSE;LAILA.ESTAGIO;100;OPE;OPERANDO;Não Obstrutivo;;;;;;FALSE;;;JOAO.VICTOR;15/05/2026 11:50;INS-ELD3;;FALSE;;;;;;;;;;FALSE;;AÇÃO DE MP;;6128-1;;6128;1;103;1;TLG;MSGAS;34987;TLG1-C-ELD-UTILIDADES;Medição Utilidades
;FALSE;205481;110;23/05/2026 08:00;3;TLG1-VE-14 - Inspeção rotineira da Estação;Concluído;25/05/2026 10:00;;TLG1-VE-14;VBA ELD -  KM 17;INSP;OTLG;;EQUIPAMENTO;;;18/05/2026 08:00;;22/05/2026 17:00;23/05/2026 11:26;27/05/2026 16:22;;;;;;;;;;;;;JOAO.VICTOR;15/05/2026 11:50;;;;;;;FALSE;*;;BRL;SEO;;;;;;;;;FALSE;;;;FALSE;;;;;;FALSE;;FALSE;FALSE;2;Precisa de Reprogramação;;;FALSE;FALSE;FALSE;FALSE;LAILA.ESTAGIO;100;OPE;OPERANDO;Não Obstrutivo;;;;;;FALSE;;;JOAO.VICTOR;15/05/2026 11:50;INS-ELD3;;FALSE;;;;;;;;;;FALSE;;AÇÃO DE MP;;6129-1;;6129;1;103;1;TLG;MSGAS;34987;TLG1-VE-14;VBA ELD -  KM 17
;FALSE;205515;10;23/05/2026 08:00;7;ESTAÇÃO SITREL - Inspeção rotineira da Estação;Concluído;25/05/2026 16:00;;TLG2-STL;ESTAÇÃO SITREL;INSP;OTLG;;EQUIPAMENTO;;;18/05/2026 08:00;;22/05/2026 17:00;23/05/2026 10:47;27/05/2026 16:25;EMRP_IND;EQUIPAMENTO;;;;;;;;;;;JOAO.VICTOR;15/05/2026 11:50;;;;;;;FALSE;*;;BRL;SEO;;;;;;;;;FALSE;;;;FALSE;;;;;;FALSE;;FALSE;FALSE;2;Precisa de Reprogramação;;;FALSE;FALSE;FALSE;FALSE;LAILA.ESTAGIO;100;OPE;OPERANDO;Não Obstrutivo;;;;;;FALSE;;;JOAO.VICTOR;15/05/2026 11:50;INS-14-3;;FALSE;;;;;;;;;;FALSE;;AÇÃO DE MP;;6094-1;;6094;1;204;1;TLG;MSGAS;34991;TLG2-STL;ESTAÇÃO SITREL
;FALSE;205516;20;23/05/2026 08:00;7;C-UFN - Inspeção rotineira da Estação;Cancelado;25/05/2026 16:00;;TLG1-C-UFN;UFN3 - ESTAÇÃO DO CLIENTE;INSP;OTLG;;EQUIPAMENTO;;;18/05/2026 08:00;;22/05/2026 17:00;;;EMRP_IND;EQUIPAMENTO;;;;;;;;;;;JOAO.VICTOR;15/05/2026 11:50;;;;;;;FALSE;*;;BRL;SEO;;;;;;;;;FALSE;;;;FALSE;;;;;;FALSE;;FALSE;FALSE;2;Precisa de Reprogramação;;;FALSE;FALSE;FALSE;FALSE;LAILA.ESTAGIO;0;OPE;OPERANDO;Não Obstrutivo;;;;;;FALSE;SNR;SERVIÇO NÃO REALIZADO;JOAO.VICTOR;15/05/2026 11:50;INS-14-3;;FALSE;;;;;;;;;;FALSE;;AÇÃO DE MP;;6095-1;;6095;1;206;1;TLG;MSGAS;34991;TLG1-C-UFN;UFN3 - ESTAÇÃO DO CLIENTE
;FALSE;205517;30;23/05/2026 08:00;7;UO - Inspeção rotineira da Estação;Concluído;25/05/2026 16:00;;TLG1-UO;UNIDADE DE ODORIZAÇÃO;INSP;OTLG;;EQUIPAMENTO;;;18/05/2026 08:00;;22/05/2026 17:00;23/05/2026 11:43;27/05/2026 16:25;;;;;;;;;;;;;JOAO.VICTOR;15/05/2026 11:50;;;;;;;FALSE;*;;BRL;SEO;;;;;;;;;FALSE;;;;FALSE;;;;;;FALSE;;FALSE;FALSE;2;Precisa de Reprogramação;;;FALSE;FALSE;FALSE;FALSE;LAILA.ESTAGIO;100;OPE;OPERANDO;Não Obstrutivo;;;;;;FALSE;;;JOAO.VICTOR;15/05/2026 11:50;INS-14-3;;FALSE;;;;;;;;;;FALSE;;AÇÃO DE MP;;6096-1;;6096;1;206;1;TLG;MSGAS;34991;TLG1-UO;UNIDADE DE ODORIZAÇÃO
;FALSE;205518;40;23/05/2026 08:00;7;VCP (Suzano) - Inspeção rotineira da Estação;Concluído;25/05/2026 16:00;;TLG1-VCP;FIBRIA PAPEL E CELULOSE;INSP;OTLG;;EQUIPAMENTO;;;18/05/2026 08:00;;22/05/2026 17:00;23/05/2026 11:43;27/05/2026 16:25;EMRP_IND;EQUIPAMENTO;;;;;;;;;;;JOAO.VICTOR;15/05/2026 11:50;;;;;;;FALSE;*;;BRL;SEO;;;;;;;;;FALSE;;;;FALSE;;;;;;FALSE;;FALSE;FALSE;2;Precisa de Reprogramação;;;FALSE;FALSE;FALSE;FALSE;LAILA.ESTAGIO;100;OPE;OPERANDO;Não Obstrutivo;;;;;;FALSE;;;JOAO.VICTOR;15/05/2026 11:50;INS-14-3;;FALSE;;;;;;;;;;FALSE;;AÇÃO DE MP;;6097-1;;6097;1;206;1;TLG;MSGAS;34991;TLG1-VCP;FIBRIA PAPEL E CELULOSE
;FALSE;205519;50;23/05/2026 08:00;7;M-UFN - Inspeção rotineira da Estação;Concluído;25/05/2026 16:00;;TLG1-M-UFN;UFN3 - ESTAÇÃO DE MEDIÇÃO;INSP;OTLG;;EQUIPAMENTO;;;18/05/2026 08:00;;22/05/2026 17:00;23/05/2026 11:47;27/05/2026 16:25;EMRP_IND;EQUIPAMENTO;;;;;;;;;;;JOAO.VICTOR;15/05/2026 11:50;;;;;;;FALSE;*;;BRL;SEO;;;;;;;;;FALSE;;;;FALSE;;;;;;FALSE;;FALSE;FALSE;2;Precisa de Reprogramação;;;FALSE;FALSE;FALSE;FALSE;LAILA.ESTAGIO;100;OPE;OPERANDO;Não Obstrutivo;;;;;;FALSE;;;JOAO.VICTOR;15/05/2026 11:50;INS-14-3;;FALSE;;;;;;;;;;FALSE;;AÇÃO DE MP;;6098-1;;6098;1;206;1;TLG;MSGAS;34991;TLG1-M-UFN;UFN3 - ESTAÇÃO DE MEDIÇÃO
;FALSE;205520;60;23/05/2026 08:00;7;ERS2 - Inspeção rotineira da Estação;Concluído;25/05/2026 16:00;;TLG1-ERS2;ESTAÇÃO DE REDUÇÃO SECUNDÁRIA 2;INSP;OTLG;;EQUIPAMENTO;;;18/05/2026 08:00;;22/05/2026 17:00;23/05/2026 12:05;27/05/2026 16:25;EMRP_IND;EQUIPAMENTO;;;;;;;;;;;JOAO.VICTOR;15/05/2026 11:50;;;;;;;FALSE;*;;BRL;SEO;;;;;;;;;FALSE;;;;FALSE;;;;;;FALSE;;FALSE;FALSE;2;Precisa de Reprogramação;;;FALSE;FALSE;FALSE;FALSE;LAILA.ESTAGIO;100;OPE;OPERANDO;Não Obstrutivo;;;;;;FALSE;;;JOAO.VICTOR;15/05/2026 11:50;INS-14-3;;FALSE;;;;;;;;;;FALSE;;AÇÃO DE MP;;6099-1;;6099;1;206;1;TLG;MSGAS;34991;TLG1-ERS2;ESTAÇÃO DE REDUÇÃO SECUNDÁRIA 2
;FALSE;205521;70;23/05/2026 08:00;7;ERS2-FE01 - Inspeção rotineira da Estação;Concluído;25/05/2026 16:00;;TLG1-ERS2-FE01;Medição Tramo 1;INSP;OTLG;;EQUIPAMENTO;;;18/05/2026 08:00;;22/05/2026 17:00;23/05/2026 12:03;27/05/2026 16:25;;;;;;;;;;;;;JOAO.VICTOR;15/05/2026 11:50;;;;;;;FALSE;*;;BRL;SEO;;;;;;;;;FALSE;;;;FALSE;;;;;;FALSE;;FALSE;FALSE;2;Precisa de Reprogramação;;;FALSE;FALSE;FALSE;FALSE;LAILA.ESTAGIO;100;OPE;OPERANDO;Não Obstrutivo;;;;;;FALSE;;;JOAO.VICTOR;15/05/2026 11:50;INS-14-3;;FALSE;;;;;;;;;;FALSE;;AÇÃO DE MP;;6100-1;;6100;1;206;1;TLG;MSGAS;34991;TLG1-ERS2-FE01;Medição Tramo 1
;FALSE;205522;80;23/05/2026 08:00;7;ERS2-FE02 - Inspeção rotineira da Estação;Cancelado;25/05/2026 16:00;;TLG1-ERS2-FE02;Medição Tramo 2;INSP;OTLG;;EQUIPAMENTO;;;18/05/2026 08:00;;22/05/2026 17:00;;;;;;;;;;;;;;;JOAO.VICTOR;15/05/2026 11:50;;;;;;;FALSE;*;;BRL;SEO;;;;;;;;;FALSE;;;;FALSE;;;;;;FALSE;;FALSE;FALSE;2;Precisa de Reprogramação;;;FALSE;FALSE;FALSE;FALSE;LAILA.ESTAGIO;0;OPE;OPERANDO;Não Obstrutivo;;;;;;FALSE;SNR;SERVIÇO NÃO REALIZADO;JOAO.VICTOR;15/05/2026 11:50;INS-14-3;;FALSE;;;;;;;;;;FALSE;;AÇÃO DE MP;;6101-1;;6101;1;206;1;TLG;MSGAS;34991;TLG1-ERS2-FE02;Medição Tramo 2
;FALSE;205523;90;23/05/2026 08:00;7;ERS2-FE03 - Inspeção rotineira da Estação;Cancelado;25/05/2026 16:00;;TLG1-ERS2-FE03;Medição Tramo 3;INSP;OTLG;;EQUIPAMENTO;;;18/05/2026 08:00;;22/05/2026 17:00;;;;;;;;;;;;;;;JOAO.VICTOR;15/05/2026 11:50;;;;;;;FALSE;*;;BRL;SEO;;;;;;;;;FALSE;;;;FALSE;;;;;;FALSE;;FALSE;FALSE;2;Precisa de Reprogramação;;;FALSE;FALSE;FALSE;FALSE;LAILA.ESTAGIO;0;OPE;OPERANDO;Não Obstrutivo;;;;;;FALSE;SNR;SERVIÇO NÃO REALIZADO;JOAO.VICTOR;15/05/2026 11:50;INS-14-3;;FALSE;;;;;;;;;;FALSE;;AÇÃO DE MP;;6102-1;;6102;1;206;1;TLG;MSGAS;34991;TLG1-ERS2-FE03;Medição Tramo 3
;FALSE;205524;100;23/05/2026 08:00;7;CARGILL - Inspeção rotineira da Estação;Concluído;25/05/2026 16:00;;TLG2-CGL;ESTAÇÃO CARGILL;INSP;OTLG;;EQUIPAMENTO;;;18/05/2026 08:00;;22/05/2026 17:00;23/05/2026 07:32;27/05/2026 16:25;EMRP_IND;EQUIPAMENTO;;;;;;;;;;;JOAO.VICTOR;15/05/2026 11:50;;;;;;;FALSE;*;;BRL;SEO;;;;;;;;;FALSE;;;;FALSE;;;;;;FALSE;;FALSE;FALSE;2;Precisa de Reprogramação;;;FALSE;FALSE;FALSE;FALSE;GIULIO;100;OPE;OPERANDO;Não Obstrutivo;;;;;;FALSE;;;JOAO.VICTOR;15/05/2026 11:50;INS-14-3;;FALSE;;;;;;;;;;FALSE;;AÇÃO DE MP;;6103-1;;6103;1;206;1;TLG;MSGAS;34991;TLG2-CGL;ESTAÇÃO CARGILL
;FALSE;205525;110;23/05/2026 08:00;7;TLG1-VE-02 - Inspeção rotineira da Estação;Concluído;25/05/2026 16:00;;TLG1-VE-02;VBA - KM 18;INSP;OTLG;;EQUIPAMENTO;;;18/05/2026 08:00;;22/05/2026 17:00;23/05/2026 10:13;27/05/2026 16:25;;;;;;;;;;;;;JOAO.VICTOR;15/05/2026 11:50;;;;;;;FALSE;*;;BRL;SEO;;;;;;;;;FALSE;;;;FALSE;;;;;;FALSE;;FALSE;FALSE;2;Precisa de Reprogramação;;;FALSE;FALSE;FALSE;FALSE;LAILA.ESTAGIO;100;OPE;OPERANDO;Não Obstrutivo;;;;;;FALSE;;;JOAO.VICTOR;15/05/2026 11:50;INS-14-3;;FALSE;;;;;;;;;;FALSE;;AÇÃO DE MP;;6104-1;;6104;1;206;1;TLG;MSGAS;34991;TLG1-VE-02;VBA - KM 18
;FALSE;205589;10;20/05/2026 16:00;0,75;Troca de sobreaviso 0800 - VERMELHO;Concluído;20/05/2026 16:45;;;;TRC0800;TLG;;EQUIPAMENTO;;;;;;20/05/2026 07:52;02/06/2026 10:34;;;;;;;;;;;;;JOAO.VICTOR;19/05/2026 08:51;;;;;;;FALSE;*;;BRL;SEO;;;;;;;;;FALSE;;;;FALSE;;;;;;FALSE;;FALSE;FALSE;2;Precisa de Reprogramação;;;FALSE;FALSE;FALSE;FALSE;;100;NAP;NÃO APLICAVEL;Não Obstrutivo;1;Realizar checklist na viatura antes da transferência do 0800: Verificar ítens listados. Informar conformidade dos itens. Fazer observações, se necessário. Remover todos os itens de uso individual de cada TOM.;;;;FALSE;;;JOAO.VICTOR;19/05/2026 08:51;;;FALSE;;;;;;;;;;FALSE;;OPERAÇÃO MODELO TAREFA;;TRANSF_0800-CGR:4:1;TRANSFERÊNCIA 0800;TRANSF_0800-CGR;4;1;;TLG;MSGAS;35021;;
;FALSE;205602;10;20/05/2026 08:30;;Troca de cadeado;Concluído;20/05/2026 09:30;;TLG2-LYY;LAVANDERIA LADY LAUNDRY II;CONP;OTLG;;EQUIPAMENTO;;;;;;02/06/2026 10:05;02/06/2026 10:42;;;;;;;;;;;;;GIULIO;20/05/2026 07:52;;;;;;;FALSE;*;;BRL;SEO;;;;;;;;;FALSE;;;;FALSE;;;;;;FALSE;;FALSE;FALSE;2;;;;FALSE;FALSE;FALSE;FALSE;;100;;;;;;;;;FALSE;;;GIULIO;20/05/2026 07:52;;;FALSE;;;;;;;;;;FALSE;;;;;;;;;;TLG;MSGAS;35034;TLG2-LYY;LAVANDERIA LADY LAUNDRY II
;FALSE;205674;10;28/05/2026 08:00;7;Adequação da estação - GNV-ELD;Concluído;28/05/2026 16:00;;;;ENGE;TLG;;EQUIPAMENTO;;;;;;25/05/2026 10:51;02/06/2026 10:42;;;;;;;;;;;;;GIULIO;22/05/2026 07:15;;;;;;;FALSE;*;;BRL;SEO;;;;;;;;;FALSE;;;;FALSE;;;;;;FALSE;;FALSE;FALSE;2;Precisa de Reprogramação;;;FALSE;FALSE;FALSE;FALSE;;100;;;;;;;;;FALSE;;;GIULIO;22/05/2026 07:15;;;FALSE;;;;;;;;;;FALSE;;TAREFA DE TRABALHO;TLG;205277;Adequação da estação - GNV-ELD;205277;;;;TLG;MSGAS;35073;;
;FALSE;205786;10;27/05/2026 08:00;3,5;patrulhamento periférico;Concluído;27/05/2026 11:30;;TLG;TRÊS LAGOAS;PATRULHA;TLG;;EQUIPAMENTO;;;25/05/2026 08:00;;29/05/2026 17:00;27/05/2026 07:54;27/05/2026 15:38;;;;;;;;;;;;;GIULIO;24/05/2026 10:26;;;;;;;FALSE;*;;BRL;SEO;;;;;;;;;FALSE;;;;FALSE;;;;;;FALSE;;FALSE;FALSE;2;Precisa de Reprogramação;;;FALSE;FALSE;FALSE;FALSE;LAILA.ESTAGIO;100;;;;;;;;;FALSE;;;GIULIO;24/05/2026 10:26;PATPER;;FALSE;;;;;;;;;;FALSE;;AÇÃO DE MP;;4999-1;;4999;1;100;1;TLG;MSGAS;35098;TLG;TRÊS LAGOAS
;FALSE;205921;10;;1,61;INSTALAÇÃO DE ESTAÇÃO;Concluído;;;TLG2-PBR;PANDAS BURGUER;LIGC;MTLG;;EQUIPAMENTO;;;;;;27/05/2026 09:02;28/05/2026 10:30;;;;;;;;;;;;;IFSMSG;25/05/2026 16:59;;;;;;;FALSE;*;;BRL;SEO;;;;;;;;;FALSE;;;;FALSE;;;;;;FALSE;;FALSE;FALSE;1;Precisa de Reprogramação;;;FALSE;FALSE;FALSE;FALSE;;100;NOP;NAO OPERANDO;Obstrutivo;1;Início de fornecimento de clientes;;;;FALSE;;;IFSMSG;25/05/2026 16:59;;;FALSE;;;;;;;;;;FALSE;;OPERAÇÃO MODELO TAREFA;;INI-FRN:8:1;INSTALAÇÃO DE ESTAÇÃO;INI-FRN;8;1;;TLG;MSGAS;35125;TLG2-PBR;PANDAS BURGUER
;FALSE;206019;10;28/05/2026 08:09;7;VCP - Aferir valor THT e TBM, atualizar medidas do objeto;Concluído;28/05/2026 16:00;Leitura da Concentração de Odorante após 0,5 min, 1,0 min, 1,5 min, 2,0 min, 2,5 min, 3,0 min. Analisar o Status operacional da Estação e a Intensidade do Odor.;TLG1-VCP;FIBRIA PAPEL E CELULOSE;INSP;TLG;;EQUIPAMENTO;;;20/12/2021 08:00;;24/12/2021 17:00;28/05/2026 14:58;28/05/2026 15:00;EMRP_IND;EQUIPAMENTO;;;;;;;;;;;JOAO.VICTOR;27/05/2026 17:13;;;;;;;FALSE;*;;BRL;SEO;;;;;;;;;FALSE;;;;FALSE;;;;;;FALSE;;FALSE;FALSE;2;Precisa de Reprogramação;;;FALSE;FALSE;FALSE;FALSE;EDUARDOB.ESTAGIO;100;OPE;OPERANDO;Não Obstrutivo;;;;;;FALSE;;;JOAO.VICTOR;27/05/2026 17:13;ISPCOG_R;;FALSE;;;;;;;;;;FALSE;;AÇÃO DE MP;;2490-2;;2490;2;130;1;TLG;MSGAS;35164;TLG1-VCP;FIBRIA PAPEL E CELULOSE
;FALSE;206020;20;29/05/2026 08:00;7;ERS2 - Aferir valor THT e TBM, atualizar medidas do objeto;Concluído;29/05/2026 16:00;Leitura da Concentração de Odorante após 0,5 min, 1,0 min, 1,5 min, 2,0 min, 2,5 min, 3,0 min. Analisar o Status operacional da Estação e a Intensidade do Odor.;TLG1-ERS2;ESTAÇÃO DE REDUÇÃO SECUNDÁRIA 2;INSP;TLG;;EQUIPAMENTO;;;20/12/2021 08:00;;24/12/2021 17:00;02/06/2026 09:28;02/06/2026 09:30;EMRP_IND;EQUIPAMENTO;;;;;;;;;;;JOAO.VICTOR;27/05/2026 17:13;;;;;;;FALSE;*;;BRL;SEO;;;;;;;;;FALSE;;;;FALSE;;;;;;FALSE;;FALSE;FALSE;2;Precisa de Reprogramação;;;FALSE;FALSE;FALSE;FALSE;EDUARDOB.ESTAGIO;100;OPE;OPERANDO;Não Obstrutivo;;;;;;FALSE;;;JOAO.VICTOR;27/05/2026 17:13;ISPCOG_R;;FALSE;;;;;;;;;;FALSE;;AÇÃO DE MP;;2491-2;;2491;2;130;1;TLG;MSGAS;35164;TLG1-ERS2;ESTAÇÃO DE REDUÇÃO SECUNDÁRIA 2
;FALSE;206021;30;29/05/2026 08:00;7;SITREL - Aferir valor THT e TBM, atualizar medidas do objeto;Concluído;29/05/2026 16:00;Leitura da Concentração de Odorante após 0,5 min, 1,0 min, 1,5 min, 2,0 min, 2,5 min, 3,0 min. Analisar o Status operacional da Estação e a Intensidade do Odor.;TLG2-STL;ESTAÇÃO SITREL;INSP;TLG;;EQUIPAMENTO;COG;;20/12/2021 08:00;;24/12/2021 17:00;02/06/2026 09:38;02/06/2026 09:39;EMRP_IND;EQUIPAMENTO;;;;;;;;;;;JOAO.VICTOR;27/05/2026 17:13;;;;;;;FALSE;*;;BRL;SEO;;;;;;;;;FALSE;;;;FALSE;;;;;;FALSE;;FALSE;FALSE;2;Precisa de Reprogramação;;;FALSE;FALSE;FALSE;FALSE;EDUARDOB.ESTAGIO;100;OPE;OPERANDO;Não Obstrutivo;;;;;;FALSE;;;JOAO.VICTOR;27/05/2026 17:13;ISPCOG_R;;FALSE;;;;;;;;;;FALSE;;AÇÃO DE MP;;2492-3;;2492;3;129;1;TLG;MSGAS;35164;TLG2-STL;ESTAÇÃO SITREL
;FALSE;206022;40;29/05/2026 08:00;7;CARGILL - Aferir valor THT e TBM, atualizar medidas do objeto;Concluído;29/05/2026 16:00;Leitura da Concentração de Odorante após 0,5 min, 1,0 min, 1,5 min, 2,0 min, 2,5 min, 3,0 min. Analisar o Status operacional da Estação e a Intensidade do Odor.;TLG2-CGL;ESTAÇÃO CARGILL;INSP;TLG;;EQUIPAMENTO;;;20/12/2021 08:00;;24/12/2021 17:00;02/06/2026 09:40;02/06/2026 09:42;EMRP_IND;EQUIPAMENTO;;;;;;;;;;;JOAO.VICTOR;27/05/2026 17:13;;;;;;;FALSE;*;;BRL;SEO;;;;;;;;;FALSE;;;;FALSE;;;;;;FALSE;;FALSE;FALSE;2;Precisa de Reprogramação;;;FALSE;FALSE;FALSE;FALSE;EDUARDOB.ESTAGIO;100;OPE;OPERANDO;Não Obstrutivo;;;;;;FALSE;;;JOAO.VICTOR;27/05/2026 17:13;ISPCOG_R;;FALSE;;;;;;;;;;FALSE;;AÇÃO DE MP;;2495-2;;2495;2;130;1;TLG;MSGAS;35164;TLG2-CGL;ESTAÇÃO CARGILL
;FALSE;206023;50;29/05/2026 08:00;7;COND. HOTELEIRO MORUMBI - Aferir valor THT e TBM, atualizar medidas do objeto;Concluído;29/05/2026 16:00;Leitura da Concentração de Odorante após 0,5 min, 1,0 min, 1,5 min, 2,0 min, 2,5 min, 3,0 min. Analisar o Status operacional da Estação e a Intensidade do Odor.;TLG2-DRD;ESTAÇÃO COND HOTELEIRO MORUMBI;INSP;TLG;;EQUIPAMENTO;;;20/12/2021 08:00;;24/12/2021 17:00;02/06/2026 09:43;02/06/2026 09:44;;;;;;;;;;;;;JOAO.VICTOR;27/05/2026 17:13;;;;;;;FALSE;*;;BRL;SEO;;;;;;;;;FALSE;;;;FALSE;;;;;;FALSE;;FALSE;FALSE;2;Precisa de Reprogramação;;;FALSE;FALSE;FALSE;FALSE;EDUARDOB.ESTAGIO;100;OPE;OPERANDO;Não Obstrutivo;;;;;;FALSE;;;JOAO.VICTOR;27/05/2026 17:13;ISPCOG_R;;FALSE;;;;;;;;;;FALSE;;AÇÃO DE MP;;2499-2;;2499;2;130;1;TLG;MSGAS;35164;TLG2-DRD;ESTAÇÃO COND HOTELEIRO MORUMBI
;FALSE;206024;60;29/05/2026 08:00;7;ERS - Aferir valor THT e TBM, atualizar medidas do objeto;Concluído;29/05/2026 16:00;Leitura da Concentração de Odorante após 0,5 min, 1,0 min, 1,5 min, 2,0 min, 2,5 min, 3,0 min. Analisar o Status operacional da Estação e a Intensidade do Odor.;TLG1-ERS;ESTAÇÃO DE REDUÇÃO SECUNDÁRIA;INSP;TLG;;EQUIPAMENTO;;;20/12/2021 08:00;;24/12/2021 17:00;02/06/2026 09:31;02/06/2026 09:33;EMRP_IND;EQUIPAMENTO;;;;;;;;;;;JOAO.VICTOR;27/05/2026 17:13;;;;;;;FALSE;*;;BRL;SEO;;;;;;;;;FALSE;;;;FALSE;;;;;;FALSE;;FALSE;FALSE;2;Precisa de Reprogramação;;;FALSE;FALSE;FALSE;FALSE;EDUARDOB.ESTAGIO;100;OPE;OPERANDO;Não Obstrutivo;;;;;;FALSE;;;JOAO.VICTOR;27/05/2026 17:13;ISPCOG_R;;FALSE;;;;;;;;;;FALSE;;AÇÃO DE MP;;2501-2;;2501;2;130;1;TLG;MSGAS;35164;TLG1-ERS;ESTAÇÃO DE REDUÇÃO SECUNDÁRIA
;FALSE;206025;70;29/05/2026 08:00;7;FERAL - Aferir valor THT e TBM, atualizar medidas do objeto;Concluído;29/05/2026 16:00;Leitura da Concentração de Odorante após 0,5 min, 1,0 min, 1,5 min, 2,0 min, 2,5 min, 3,0 min. Analisar o Status operacional da Estação e a Intensidade do Odor.;TLG2-FRL;ESTAÇÃO FERAL;INSP;TLG;;EQUIPAMENTO;;;20/12/2021 08:00;;24/12/2021 17:00;02/06/2026 09:37;02/06/2026 09:37;EMRP_IND;EQUIPAMENTO;;;;;;;;;;;JOAO.VICTOR;27/05/2026 17:13;;;;;;;FALSE;*;;BRL;SEO;;;;;;;;;FALSE;;;;FALSE;;;;;;FALSE;;FALSE;FALSE;2;Precisa de Reprogramação;;;FALSE;FALSE;FALSE;FALSE;EDUARDOB.ESTAGIO;100;OPE;OPERANDO;Não Obstrutivo;;;;;;FALSE;;;JOAO.VICTOR;27/05/2026 17:13;ISPCOG_R;;FALSE;;;;;;;;;;FALSE;;AÇÃO DE MP;;2502-2;;2502;2;130;1;TLG;MSGAS;35164;TLG2-FRL;ESTAÇÃO FERAL
;FALSE;206026;80;29/05/2026 08:00;7;UTE - Aferir valor THT e TBM, atualizar medidas do objeto;Concluído;29/05/2026 16:00;Leitura da Concentração de Odorante após 0,5 min, 1,0 min, 1,5 min, 2,0 min, 2,5 min, 3,0 min. Analisar o Status operacional da Estação e a Intensidade do Odor.;TLG1-UT;USINA TERMOELÉTRICA;INSP;TLG;;EQUIPAMENTO;;;20/12/2021 08:00;;24/12/2021 17:00;02/06/2026 09:54;02/06/2026 09:54;EMRP_IND;EQUIPAMENTO;;;;;;;;;;;JOAO.VICTOR;27/05/2026 17:13;;;;;;;FALSE;*;;BRL;SEO;;;;;;;;;FALSE;;;;FALSE;;;;;;FALSE;;FALSE;FALSE;2;Precisa de Reprogramação;;;FALSE;FALSE;FALSE;FALSE;EDUARDOB.ESTAGIO;100;OPE;OPERANDO;Não Obstrutivo;;;;;;FALSE;;;JOAO.VICTOR;27/05/2026 17:13;ISPCOG_R;;FALSE;;;;;;;;;;FALSE;;AÇÃO DE MP;;2504-2;;2504;2;130;1;TLG;MSGAS;35164;TLG1-UT;USINA TERMOELÉTRICA
;FALSE;206027;90;29/05/2026 08:00;7;C-ELD - Aferir valor THT e TBM, atualizar medidas do objeto;Concluído;29/05/2026 16:00;Leitura da Concentração de Odorante após 0,5 min, 1,0 min, 1,5 min, 2,0 min, 2,5 min, 3,0 min. Analisar o Status operacional da Estação e a Intensidade do Odor.;TLG1-C-ELD;ESTAÇÃO CLIENTE ELDORADO;INSP;TLG;;EQUIPAMENTO;;;20/12/2021 08:00;;24/12/2021 17:00;02/06/2026 10:01;02/06/2026 10:02;EMRP_IND;EQUIPAMENTO;;;;;;;;;;;JOAO.VICTOR;27/05/2026 17:13;;;;;;;FALSE;*;;BRL;SEO;;;;;;;;;FALSE;;;;FALSE;;;;;;FALSE;;FALSE;FALSE;2;Precisa de Reprogramação;;;FALSE;FALSE;FALSE;FALSE;EDUARDOB.ESTAGIO;100;OPE;OPERANDO;Não Obstrutivo;;;;;;FALSE;;;JOAO.VICTOR;27/05/2026 17:13;ISPCOG_R;;FALSE;;;;;;;;;;FALSE;;AÇÃO DE MP;;2505-2;;2505;2;130;1;TLG;MSGAS;35164;TLG1-C-ELD;ESTAÇÃO CLIENTE ELDORADO
;FALSE;206028;100;29/05/2026 08:00;7;DON EL CHALL - Aferir valor THT e TBM, atualizar medidas do objeto;Concluído;29/05/2026 16:00;Leitura da Concentração de Odorante após 0,5 min, 1,0 min, 1,5 min, 2,0 min, 2,5 min, 3,0 min. Analisar o Status operacional da Estação e a Intensidade do Odor.;TLG2-DEC;ESTAÇÃO DON EL CHALL;INSP;TLG;;EQUIPAMENTO;;;20/12/2021 08:00;;24/12/2021 17:00;02/06/2026 09:58;02/06/2026 09:59;;;;;;;;;;;;;JOAO.VICTOR;27/05/2026 17:13;;;;;;;FALSE;*;;BRL;SEO;;;;;;;;;FALSE;;;;FALSE;;;;;;FALSE;;FALSE;FALSE;2;Precisa de Reprogramação;;;FALSE;FALSE;FALSE;FALSE;EDUARDOB.ESTAGIO;100;OPE;OPERANDO;Não Obstrutivo;;;;;;FALSE;;;JOAO.VICTOR;27/05/2026 17:13;ISPCOG_R;;FALSE;;;;;;;;;;FALSE;;AÇÃO DE MP;;2506-2;;2506;2;130;1;TLG;MSGAS;35164;TLG2-DEC;ESTAÇÃO DON EL CHALL
;FALSE;206029;110;29/05/2026 08:00;7;LANCHONETE CAMARGOS - Aferir valor THT e TBM, atualizar medidas do objeto;Concluído;29/05/2026 16:00;Leitura da Concentração de Odorante após 0,5 min, 1,0 min, 1,5 min, 2,0 min, 2,5 min, 3,0 min. Analisar o Status operacional da Estação e a Intensidade do Odor.;TLG2-CMR;ESTAÇÃO LANCHONETE CAMARGOS;INSP;TLG;;EQUIPAMENTO;;;20/12/2021 08:00;;24/12/2021 17:00;02/06/2026 10:04;02/06/2026 10:04;;;;;;;;;;;;;JOAO.VICTOR;27/05/2026 17:13;;;;;;;FALSE;*;;BRL;SEO;;;;;;;;;FALSE;;;;FALSE;;;;;;FALSE;;FALSE;FALSE;2;Precisa de Reprogramação;;;FALSE;FALSE;FALSE;FALSE;EDUARDOB.ESTAGIO;100;OPE;OPERANDO;Não Obstrutivo;;;;;;FALSE;;;JOAO.VICTOR;27/05/2026 17:13;ISPCOG_R;;FALSE;;;;;;;;;;FALSE;;AÇÃO DE MP;;2507-2;;2507;2;130;1;TLG;MSGAS;35164;TLG2-CMR;ESTAÇÃO LANCHONETE CAMARGOS
;FALSE;206030;120;29/05/2026 08:00;7;TOMS CHEF - Aferir valor THT e TBM, atualizar medidas do objeto;Concluído;29/05/2026 16:00;Leitura da Concentração de Odorante após 0,5 min, 1,0 min, 1,5 min, 2,0 min, 2,5 min, 3,0 min. Analisar o Status operacional da Estação e a Intensidade do Odor.;TLG2-MFB;ESTAÇÃO TOMS CHEF;INSP;TLG;;EQUIPAMENTO;;;20/12/2021 08:00;;24/12/2021 17:00;29/05/2026 08:20;29/05/2026 08:22;;;;;;;;;;;;;JOAO.VICTOR;27/05/2026 17:13;;;;;;;FALSE;*;;BRL;SEO;;;;;;;;;FALSE;;;;FALSE;;;;;;FALSE;;FALSE;FALSE;2;Precisa de Reprogramação;;;FALSE;FALSE;FALSE;FALSE;MURILO.ESTAGIO;100;OPE;OPERANDO;Não Obstrutivo;;;;;;FALSE;;;JOAO.VICTOR;27/05/2026 17:13;ISPCOG_R;;FALSE;;;;;;;;;;FALSE;;AÇÃO DE MP;;3916-1;;3916;1;85;1;TLG;MSGAS;35164;TLG2-MFB;ESTAÇÃO TOMS CHEF
;FALSE;206031;130;29/05/2026 08:00;7;RESTAURANTE SALVIANO - Aferir valor THT e TBM, atualizar medidas do objeto;Concluído;29/05/2026 16:00;Leitura da Concentração de Odorante após 0,5 min, 1,0 min, 1,5 min, 2,0 min, 2,5 min, 3,0 min. Analisar o Status operacional da Estação e a Intensidade do Odor.;TLG2-SVO;ESTAÇÃO RESTAURANTE SALVIANO;INSP;TLG;;EQUIPAMENTO;;;20/12/2021 08:00;;24/12/2021 17:00;29/05/2026 08:07;29/05/2026 08:10;;;;;;;;;;;;;JOAO.VICTOR;27/05/2026 17:13;;;;;;;FALSE;*;;BRL;SEO;;;;;;;;;FALSE;;;;FALSE;;;;;;FALSE;;FALSE;FALSE;2;Precisa de Reprogramação;;;FALSE;FALSE;FALSE;FALSE;MURILO.ESTAGIO;100;OPE;OPERANDO;Não Obstrutivo;;;;;;FALSE;;;JOAO.VICTOR;27/05/2026 17:13;ISPCOG_R;;FALSE;;;;;;;;;;FALSE;;AÇÃO DE MP;;3918-1;;3918;1;85;1;TLG;MSGAS;35164;TLG2-SVO;ESTAÇÃO RESTAURANTE SALVIANO
;FALSE;206032;140;29/05/2026 08:00;7;PIZZARIA SAN GENARO - Aferir valor THT e TBM, atualizar medidas do objeto;Concluído;29/05/2026 16:00;Leitura da Concentração de Odorante após 0,5 min, 1,0 min, 1,5 min, 2,0 min, 2,5 min, 3,0 min. Analisar o Status operacional da Estação e a Intensidade do Odor.;TLG2-PSG;ESTAÇÃO PÍZZARIA SAN GENARO;INSP;TLG;;EQUIPAMENTO;;;20/12/2021 08:00;;24/12/2021 17:00;29/05/2026 10:41;29/05/2026 10:45;;;;;;;;;;;;;JOAO.VICTOR;27/05/2026 17:13;;;;;;;FALSE;*;;BRL;SEO;;;;;;;;;FALSE;;;;FALSE;;;;;;FALSE;;FALSE;FALSE;2;Precisa de Reprogramação;;;FALSE;FALSE;FALSE;FALSE;MURILO.ESTAGIO;100;OPE;OPERANDO;Não Obstrutivo;;;;;;FALSE;;;JOAO.VICTOR;27/05/2026 17:13;ISPCOG_R;;FALSE;;;;;;;;;;FALSE;;AÇÃO DE MP;;3919-1;;3919;1;85;1;TLG;MSGAS;35164;TLG2-PSG;ESTAÇÃO PÍZZARIA SAN GENARO
;FALSE;206033;150;29/05/2026 08:00;7;LAGOA DA PRATA - Aferir valor THT e TBM, atualizar medidas do objeto;Concluído;29/05/2026 16:00;Leitura da Concentração de Odorante após 0,5 min, 1,0 min, 1,5 min, 2,0 min, 2,5 min, 3,0 min. Analisar o Status operacional da Estação e a Intensidade do Odor.;TLG2-RLP;ESTAÇÃO LAGOA DA PRATA;INSP;TLG;;EQUIPAMENTO;;;20/12/2021 08:00;;24/12/2021 17:00;29/05/2026 09:33;29/05/2026 09:37;;;;;;;;;;;;;JOAO.VICTOR;27/05/2026 17:13;;;;;;;FALSE;*;;BRL;SEO;;;;;;;;;FALSE;;;;FALSE;;;;;;FALSE;;FALSE;FALSE;2;Precisa de Reprogramação;;;FALSE;FALSE;FALSE;FALSE;MURILO.ESTAGIO;100;OPE;OPERANDO;Não Obstrutivo;;;;;;FALSE;;;JOAO.VICTOR;27/05/2026 17:13;ISPCOG_R;;FALSE;;;;;;;;;;FALSE;;AÇÃO DE MP;;3923-1;;3923;1;85;1;TLG;MSGAS;35164;TLG2-RLP;ESTAÇÃO LAGOA DA PRATA
;FALSE;206034;160;29/05/2026 08:00;7;SHOPPING (SUP. SÃO FRANCISCO) - Aferir valor THT e TBM, atualizar medidas do objeto;Concluído;29/05/2026 16:00;Leitura da Concentração de Odorante após 0,5 min, 1,0 min, 1,5 min, 2,0 min, 2,5 min, 3,0 min. Analisar o Status operacional da Estação e a Intensidade do Odor.;TLG2-SHP-SSF;SHOPPING - SUPERMERCADO SÃO FRANCISCO;INSP;TLG;;EQUIPAMENTO;;;20/12/2021 08:00;;24/12/2021 17:00;29/05/2026 08:51;29/05/2026 08:58;;;;;;;;;;;;;JOAO.VICTOR;27/05/2026 17:13;;;;;;;FALSE;*;;BRL;SEO;;;;;;;;;FALSE;;;;FALSE;;;;;;FALSE;;FALSE;FALSE;2;Precisa de Reprogramação;;;FALSE;FALSE;FALSE;FALSE;MURILO.ESTAGIO;100;OPE;OPERANDO;Não Obstrutivo;;;;;;FALSE;;;JOAO.VICTOR;27/05/2026 17:13;ISPCOG_R;;FALSE;;;;;;;;;;FALSE;;AÇÃO DE MP;;3913-1;;3913;1;85;1;TLG;MSGAS;35164;TLG2-SHP-SSF;SHOPPING - SUPERMERCADO SÃO FRANCISCO
;FALSE;206035;170;29/05/2026 08:00;7;SUP. NOVA ESTRELA - Aferir valor THT e TBM, atualizar medidas do objeto;Concluído;29/05/2026 16:00;Leitura da Concentração de Odorante após 0,5 min, 1,0 min, 1,5 min, 2,0 min, 2,5 min, 3,0 min. Analisar o Status operacional da Estação e a Intensidade do Odor.;TLG2-SNE3;ESTAÇÃO SUP. NOVA ESTRELA - QUARTEL;INSP;TLG;;EQUIPAMENTO;;;20/12/2021 08:00;;24/12/2021 17:00;29/05/2026 10:45;29/05/2026 10:46;;;;;;;;;;;;;JOAO.VICTOR;27/05/2026 17:13;;;;;;;FALSE;*;;BRL;SEO;;;;;;;;;FALSE;;;;FALSE;;;;;;FALSE;;FALSE;FALSE;2;Precisa de Reprogramação;;;FALSE;FALSE;FALSE;FALSE;MURILO.ESTAGIO;100;OPE;OPERANDO;Não Obstrutivo;;;;;;FALSE;;;JOAO.VICTOR;27/05/2026 17:13;ISPCOG_R;;FALSE;;;;;;;;;;FALSE;;AÇÃO DE MP;;3914-1;;3914;1;85;1;TLG;MSGAS;35164;TLG2-SNE3;ESTAÇÃO SUP. NOVA ESTRELA - QUARTEL
;FALSE;206036;180;29/05/2026 08:00;7;SUPERMERCADO THOMÉ - Aferir valor THT e TBM, atualizar medidas do objeto;Concluído;29/05/2026 16:00;Leitura da Concentração de Odorante após 0,5 min, 1,0 min, 1,5 min, 2,0 min, 2,5 min, 3,0 min. Analisar o Status operacional da Estação e a Intensidade do Odor.;TLG2-ST;ESTAÇÃO SUPERMERCADO THOMÉ;INSP;TLG;;EQUIPAMENTO;;;20/12/2021 08:00;;24/12/2021 17:00;29/05/2026 14:30;29/05/2026 14:34;;;;;;;;;;;;;JOAO.VICTOR;27/05/2026 17:13;;;;;;;FALSE;*;;BRL;SEO;;;;;;;;;FALSE;;;;FALSE;;;;;;FALSE;;FALSE;FALSE;2;Precisa de Reprogramação;;;FALSE;FALSE;FALSE;FALSE;LAILA.ESTAGIO;100;OPE;OPERANDO;Não Obstrutivo;;;;;;FALSE;;;JOAO.VICTOR;27/05/2026 17:13;ISPCOG_R;;FALSE;;;;;;;;;;FALSE;;AÇÃO DE MP;;4408-1;;4408;1;85;1;TLG;MSGAS;35164;TLG2-ST;ESTAÇÃO SUPERMERCADO THOMÉ
;FALSE;206037;190;29/05/2026 08:00;7;LANCHONETE BOM SABOR - Aferir valor THT e TBM, atualizar medidas do objeto;Concluído;29/05/2026 16:00;Leitura da Concentração de Odorante após 0,5 min, 1,0 min, 1,5 min, 2,0 min, 2,5 min, 3,0 min. Analisar o Status operacional da Estação e a Intensidade do Odor.;TLG2-LBS;ESTAÇÃO LANCHONETE BOM SABOR;INSP;TLG;;EQUIPAMENTO;;;20/12/2021 08:00;;24/12/2021 17:00;29/05/2026 15:04;29/05/2026 15:14;;;;;;;;;;;;;JOAO.VICTOR;27/05/2026 17:13;;;;;;;FALSE;*;;BRL;SEO;;;;;;;;;FALSE;;;;FALSE;;;;;;FALSE;;FALSE;FALSE;2;Precisa de Reprogramação;;;FALSE;FALSE;FALSE;FALSE;THAIS.ESTAGIO;100;OPE;OPERANDO;Não Obstrutivo;;;;;;FALSE;;;JOAO.VICTOR;27/05/2026 17:13;ISPCOG_R;;FALSE;;;;;;;;;;FALSE;;AÇÃO DE MP;;5608-1;;5608;1;69;1;TLG;MSGAS;35164;TLG2-LBS;ESTAÇÃO LANCHONETE BOM SABOR
;FALSE;206038;200;29/05/2026 08:00;7;EE JOAO DANTAS FILGUEIRAS - Aferir valor THT e TBM, atualizar medidas do objeto;Concluído;29/05/2026 16:00;Leitura da Concentração de Odorante após 0,5 min, 1,0 min, 1,5 min, 2,0 min, 2,5 min, 3,0 min. Analisar o Status operacional da Estação e a Intensidade do Odor.;TLG2-JDF;EE JOAO DANTAS FILGUEIRAS;INSP;TLG;;EQUIPAMENTO;;;20/12/2021 08:00;;24/12/2021 17:00;29/05/2026 15:15;29/05/2026 15:27;;;;;;;;;;;;;JOAO.VICTOR;27/05/2026 17:13;;;;;;;FALSE;*;;BRL;SEO;;;;;;;;;FALSE;;;;FALSE;;;;;;FALSE;;FALSE;FALSE;2;Precisa de Reprogramação;;;FALSE;FALSE;FALSE;FALSE;THAIS.ESTAGIO;100;OPE;OPERANDO;Não Obstrutivo;;;;;;FALSE;;;JOAO.VICTOR;27/05/2026 17:13;ISPCOG_R;;FALSE;;;;;;;;;;FALSE;;AÇÃO DE MP;;5610-1;;5610;1;69;1;TLG;MSGAS;35164;TLG2-JDF;EE JOAO DANTAS FILGUEIRAS
;FALSE;206039;210;29/05/2026 08:00;7;VILLAS DE CORDOBA - Aferir valor THT e TBM, atualizar medidas do objeto;Concluído;29/05/2026 16:00;Leitura da Concentração de Odorante após 0,5 min, 1,0 min, 1,5 min, 2,0 min, 2,5 min, 3,0 min. Analisar o Status operacional da Estação e a Intensidade do Odor.;TLG2-CVC;CONDOMÍNIO VILLAS DE CORDOBA;INSP;TLG;;EQUIPAMENTO;;;20/12/2021 08:00;;24/12/2021 17:00;29/05/2026 15:27;29/05/2026 15:41;;;;;;;;;;;;;JOAO.VICTOR;27/05/2026 17:13;;;;;;;FALSE;*;;BRL;SEO;;;;;;;;;FALSE;;;;FALSE;;;;;;FALSE;;FALSE;FALSE;2;Precisa de Reprogramação;;;FALSE;FALSE;FALSE;FALSE;THAIS.ESTAGIO;100;OPE;OPERANDO;Não Obstrutivo;;;;;;FALSE;;;JOAO.VICTOR;27/05/2026 17:13;ISPCOG_R;;FALSE;;;;;;;;;;FALSE;;AÇÃO DE MP;;5612-1;;5612;1;69;1;TLG;MSGAS;35164;TLG2-CVC;CONDOMÍNIO VILLAS DE CORDOBA
;FALSE;206040;220;29/05/2026 08:00;7;NIT FIAÇÃO - Aferir valor THT e TBM, atualizar medidas do objeto;Concluído;29/05/2026 16:00;Leitura da Concentração de Odorante após 0,5 min, 1,0 min, 1,5 min, 2,0 min, 2,5 min, 3,0 min. Analisar o Status operacional da Estação e a Intensidade do Odor.;TLG2-NIT;ESTAÇÃO NIT FIAÇÃO;INSP;TLG;;EQUIPAMENTO;;;20/12/2021 08:00;;24/12/2021 17:00;29/05/2026 14:14;29/05/2026 14:14;;;;;;;;;;;;;JOAO.VICTOR;27/05/2026 17:13;;;;;;;FALSE;*;;BRL;SEO;;;;;;;;;FALSE;;;;FALSE;;;;;;FALSE;;FALSE;FALSE;2;Precisa de Reprogramação;;;FALSE;FALSE;FALSE;FALSE;JOAO.VICTOR;100;OPE;OPERANDO;Não Obstrutivo;;;;;;FALSE;;;JOAO.VICTOR;27/05/2026 17:13;ISPCOG_R;;FALSE;;;;;;;;;;FALSE;;AÇÃO DE MP;;5647-1;;5647;1;69;1;TLG;MSGAS;35164;TLG2-NIT;ESTAÇÃO NIT FIAÇÃO
;FALSE;206050;10;28/05/2026 07:00;3;Café da firma;Concluído;28/05/2026 11:00;;;;TREIN;TLG;;EQUIPAMENTO;;;;;;28/05/2026 08:04;01/06/2026 09:43;;;;;;;;;;;;;JOAO.VICTOR;27/05/2026 17:41;;;;;;;FALSE;*;;BRL;SEO;;;;;;;;;FALSE;;;;FALSE;;;;;;FALSE;;FALSE;FALSE;2;;;;FALSE;FALSE;FALSE;FALSE;;100;;;;;;;;;FALSE;;;JOAO.VICTOR;27/05/2026 17:41;;;FALSE;;;;;;;;;;FALSE;;;;;;;;;;TLG;MSGAS;35156;;
;FALSE;206219;10;02/06/2026 08:00;3,5;patrulhamento central;Cancelado;02/06/2026 11:30;;TLG;TRÊS LAGOAS;PATRULHA;TLG;;EQUIPAMENTO;;;01/06/2026 08:00;;05/06/2026 17:00;;;;;;;;;;;;;;;JOAO.VICTOR;29/05/2026 10:06;;;;;;;FALSE;*;;BRL;SEO;;;;;;;;;FALSE;;;;FALSE;;;;;;FALSE;;FALSE;FALSE;2;Precisa de Reprogramação;;;FALSE;FALSE;FALSE;FALSE;JOAO.VICTOR;0;;;;;;;;;FALSE;SNR;SERVIÇO NÃO REALIZADO;JOAO.VICTOR;29/05/2026 10:06;PATCEN;;FALSE;;;;;;;;;;FALSE;;AÇÃO DE MP;;4998-1;;4998;1;101;1;TLG;MSGAS;35201;TLG;TRÊS LAGOAS
;FALSE;206222;10;22/06/2026 08:00;7;CALIBRAÇÃO DE CV OU TRASMISSORES PARA MEDIÇÃO;Cancelado;22/06/2026 16:00;Calibrar CV e sicronizar volume;TLG2-STL;ESTAÇÃO SITREL;PREV;TLG;;EQUIPAMENTO;;;01/06/2026 08:00;;05/06/2026 17:00;;;EMRP_IND;EQUIPAMENTO;;;;;;;;;;;JOAO.VICTOR;29/05/2026 10:06;;;;;;;FALSE;*;;BRL;SEO;;;;;;;;;FALSE;;;;FALSE;;;;;;FALSE;;FALSE;FALSE;2;Precisa de Reprogramação;;;FALSE;FALSE;FALSE;FALSE;JOAO.VICTOR;0;OPE;OPERANDO;Não Obstrutivo;1;Preparação dos instrumentos de pressão e temperatura que impactam diretamente na medição;;;;FALSE;REPROG;REPROGRAMAÇÃO;JOAO.VICTOR;29/05/2026 10:06;STL_M;;FALSE;;;;;;;;;;FALSE;;AÇÃO DE MP;;5620-1;;5620;1;3;1;TLG;MSGAS;35204;TLG2-STL;ESTAÇÃO SITREL
;FALSE;206223;20;22/06/2026 08:00;7;Ajuste de set das valvulas do conjunto de regulagem;Concluído;22/06/2026 16:00;"Ajustar sets, tramo operante tornar-se reserva e vice-versa.
TRAMO OPERANTE: XV=4.6, PCV1=3.85, PCV2=3.5, PSV=4.25
TRAMO RESERVA:  XV=5.05, PCV1=4.05, PCV2=3.15, PSV=4.6";TLG2-STL;ESTAÇÃO SITREL;PREV;TLG;;EQUIPAMENTO;;;01/06/2026 08:00;;05/06/2026 17:00;24/06/2026 08:39;25/06/2026 09:20;EMRP_IND;EQUIPAMENTO;;;;;;;;;;;JOAO.VICTOR;29/05/2026 10:06;;;;;;;FALSE;*;;BRL;SEO;;;;;;;;;FALSE;;;;FALSE;;;;;;FALSE;;FALSE;FALSE;2;Precisa de Reprogramação;;;FALSE;FALSE;FALSE;FALSE;JOAO.VICTOR;100;OPE;OPERANDO;Não Obstrutivo;2;Ajuste de sets das válvulas, tramos A e B. Teste dos tramos em operação. Anotação de lacres retirados e instalados para controle.;;;;FALSE;;;JOAO.VICTOR;29/05/2026 10:06;STL_M;;FALSE;;;;;;;;;;FALSE;;AÇÃO DE MP;;5621-1;;5621;1;3;1;TLG;MSGAS;35204;TLG2-STL;ESTAÇÃO SITREL
;FALSE;206224;30;22/06/2026 08:00;7;Retirar PSV para calibração em bancada;Concluído;22/06/2026 16:00;Retirar PSV FTA para calibração na bancada;TLG2-STL;ESTAÇÃO SITREL;PREV;TLG;;EQUIPAMENTO;;;01/06/2026 08:00;;05/06/2026 17:00;25/06/2026 09:19;25/06/2026 14:34;EMRP_IND;EQUIPAMENTO;;;;;;;;;;;JOAO.VICTOR;29/05/2026 10:06;;;;;;;FALSE;*;;BRL;SEO;;;;;;;;;FALSE;;;;FALSE;;;;;;FALSE;;FALSE;FALSE;2;Precisa de Reprogramação;;;FALSE;FALSE;FALSE;FALSE;JOAO.VICTOR;100;OPE;OPERANDO;Não Obstrutivo;3;Retirada de PSV do campo e calibração da mesma em bancada com nitrogênio.;;;;FALSE;;;JOAO.VICTOR;29/05/2026 10:06;STL_M;;FALSE;;;;;;;;;;FALSE;;AÇÃO DE MP;;5622-1;;5622;1;3;1;TLG;MSGAS;35204;TLG2-STL;ESTAÇÃO SITREL
;FALSE;206225;40;22/06/2026 08:00;7;Retirar PSV para calibração em bancada;Concluído;22/06/2026 16:00;Retirar PSV FTB para calibração na bancada;TLG2-STL;ESTAÇÃO SITREL;PREV;TLG;;EQUIPAMENTO;;;01/06/2026 08:00;;05/06/2026 17:00;25/06/2026 09:19;25/06/2026 14:34;EMRP_IND;EQUIPAMENTO;;;;;;;;;;;JOAO.VICTOR;29/05/2026 10:06;;;;;;;FALSE;*;;BRL;SEO;;;;;;;;;FALSE;;;;FALSE;;;;;;FALSE;;FALSE;FALSE;2;Precisa de Reprogramação;;;FALSE;FALSE;FALSE;FALSE;JOAO.VICTOR;100;OPE;OPERANDO;Não Obstrutivo;4;Retirada de PSV do campo e calibração da mesma em bancada com nitrogênio.;;;;FALSE;;;JOAO.VICTOR;29/05/2026 10:06;STL_M;;FALSE;;;;;;;;;;FALSE;;AÇÃO DE MP;;5623-1;;5623;1;3;1;TLG;MSGAS;35204;TLG2-STL;ESTAÇÃO SITREL
;FALSE;206226;50;22/06/2026 08:00;7;Calibrar trasmissores de temperatura e pressão;Cancelado;22/06/2026 16:00;Calibração dos transmissores de pressão e temperatura;TLG2-STL;ESTAÇÃO SITREL;PREV;TLG;;EQUIPAMENTO;;;01/06/2026 08:00;;05/06/2026 17:00;;;EMRP_IND;EQUIPAMENTO;;;;;;;;;;;JOAO.VICTOR;29/05/2026 10:06;;;;;;;FALSE;*;;BRL;SEO;;;;;;;;;FALSE;;;;FALSE;;;;;;FALSE;;FALSE;FALSE;2;Precisa de Reprogramação;;;FALSE;FALSE;FALSE;FALSE;JOAO.VICTOR;0;OPE;OPERANDO;Não Obstrutivo;;;;;;FALSE;SNR;SERVIÇO NÃO REALIZADO;JOAO.VICTOR;29/05/2026 10:06;STL_M;;FALSE;;;;;;;;;;FALSE;;AÇÃO DE MP;;5624-1;;5624;1;3;1;TLG;MSGAS;35204;TLG2-STL;ESTAÇÃO SITREL
;FALSE;206227;60;22/06/2026 08:00;7;Inspeção de válvulas retentoras;Concluído;22/06/2026 16:00;Verificar funcionamento da válvula retentora;TLG2-STL;ESTAÇÃO SITREL;PREV;TLG;;EQUIPAMENTO;;;01/06/2026 08:00;;05/06/2026 17:00;23/06/2026 09:14;25/06/2026 09:18;EMRP_IND;EQUIPAMENTO;;;;;;;;;;;JOAO.VICTOR;29/05/2026 10:06;;;;;;;FALSE;*;;BRL;SEO;;;;;;;;;FALSE;;;;FALSE;;;;;;FALSE;;FALSE;FALSE;2;Precisa de Reprogramação;;;FALSE;FALSE;FALSE;FALSE;JOAO.VICTOR;100;OPE;OPERANDO;Não Obstrutivo;5;Inspeção de válvulas retentoras;;;;FALSE;;;JOAO.VICTOR;29/05/2026 10:06;STL_M;;FALSE;;;;;;;;;;FALSE;;AÇÃO DE MP;;5625-1;;5625;1;3;1;TLG;MSGAS;35204;TLG2-STL;ESTAÇÃO SITREL
;FALSE;206228;70;22/06/2026 08:00;7;Lubrificação de medidores industriais;Concluído;22/06/2026 16:00;Lubrificação de medidores industriais;TLG2-STL;ESTAÇÃO SITREL;PREV;TLG;;EQUIPAMENTO;;;01/06/2026 08:00;;05/06/2026 17:00;23/06/2026 09:35;25/06/2026 09:18;EMRP_IND;EQUIPAMENTO;;;;;;;;;;;JOAO.VICTOR;29/05/2026 10:06;;;;;;;FALSE;*;;BRL;SEO;;;;;;;;;FALSE;;;;FALSE;;;;;;FALSE;;FALSE;FALSE;2;Precisa de Reprogramação;;;FALSE;FALSE;FALSE;FALSE;JOAO.VICTOR;100;OPE;OPERANDO;Não Obstrutivo;6;Lubrificação de medidores industriais;;;;FALSE;;;JOAO.VICTOR;29/05/2026 10:06;STL_M;;FALSE;;;;;;;;;;FALSE;;AÇÃO DE MP;;5626-1;;5626;1;3;1;TLG;MSGAS;35204;TLG2-STL;ESTAÇÃO SITREL
;FALSE;206229;80;22/06/2026 08:00;7;Inspeção de aterramento EMRP industrial;Cancelado;22/06/2026 16:00;Verificação da continuidade dos pontos de aterramento, medição de fuga de corrente pelos pontos de aterramento e medição da resistência equivalente. Relatar falhas encontradas. Onde tiver DPJI, também verificar sua continuidade e fuga de corrente.;TLG2-STL;ESTAÇÃO SITREL;PREV;TLG;;EQUIPAMENTO;;;01/06/2026 08:00;;05/06/2026 17:00;;;EMRP_IND;EQUIPAMENTO;;;;;;;;;;;JOAO.VICTOR;29/05/2026 10:06;;;;;;;FALSE;*;;BRL;SEO;;;;;;;;;FALSE;;;;FALSE;;;;;;FALSE;;FALSE;FALSE;2;Precisa de Reprogramação;;;FALSE;FALSE;FALSE;FALSE;JOAO.VICTOR;0;OPE;OPERANDO;Não Obstrutivo;7;Inspeção de aterramento EMRP IND;;;;FALSE;REPROG;REPROGRAMAÇÃO;JOAO.VICTOR;29/05/2026 10:06;STL_M;;FALSE;;;;;;;;;;FALSE;;AÇÃO DE MP;;5627-1;;5627;1;2;1;TLG;MSGAS;35204;TLG2-STL;ESTAÇÃO SITREL
;FALSE;206230;90;22/06/2026 08:00;7;REVISAO DO FILTRO CARTUCHO VENTAGEM, INSPECAO VISUAL,INSPECAO DO EF, TROCA DE ESTOJOS OXIDADOS;Concluído;22/06/2026 16:00;Purga dos filtros, inspeção do cartucho e substituição se necessário, Inspeção dos estojos oxidados e substituição se necessário;TLG2-STL;ESTAÇÃO SITREL;PREV;TLG;;EQUIPAMENTO;;;01/06/2026 08:00;;05/06/2026 17:00;23/06/2026 09:58;23/06/2026 10:26;EMRP_IND;EQUIPAMENTO;;;;;;;;;;;JOAO.VICTOR;29/05/2026 10:06;;;;;;;FALSE;*;;BRL;SEO;;;;;;;;;FALSE;;;;FALSE;;;;;;FALSE;;FALSE;FALSE;2;Precisa de Reprogramação;;;FALSE;FALSE;FALSE;FALSE;JOAO.VICTOR;100;OPE;OPERANDO;Não Obstrutivo;8;REVISAO DO FILTRO CARTUCHO VENTAGEM, INSPECAO VISUAL,INSPECAO DO EF, TROCA DE ESTOJOS OXIDADOS;;;;FALSE;;;JOAO.VICTOR;29/05/2026 10:06;STL_M;;FALSE;;;;;;;;;;FALSE;;AÇÃO DE MP;;5629-1;;5629;1;2;1;TLG;MSGAS;35204;TLG2-STL;ESTAÇÃO SITREL
;FALSE;206264;10;03/06/2024 08:00;7;Ajuste de set das valvulas do conjunto de regulagem;Concluído;03/06/2024 16:00;"Tramo operante: XV=4.8; PCV=4; PSV=4.4
Tramo reserva: XV=5.3; PCV=3.6; PSV=4.8";TLG2-CGL;ESTAÇÃO CARGILL;PREV;TLG;;EQUIPAMENTO;;;08/04/2024 08:00;;12/04/2024 17:00;02/06/2026 14:11;02/06/2026 16:04;EMRP_IND;EQUIPAMENTO;;;;;;;;;;;JOAO.VICTOR;29/05/2026 10:45;;;;;;;FALSE;*;;BRL;SEO;;;;;;;;;FALSE;;;;FALSE;;;;;;FALSE;;FALSE;FALSE;2;Precisa de Reprogramação;;;FALSE;FALSE;FALSE;FALSE;JOAO.VICTOR;100;OPE;OPERANDO;Não Obstrutivo;1;Ajuste de sets das válvulas, tramos A e B. Teste dos tramos em operação. Anotação de lacres retirados e instalados para controle.;;;;FALSE;;;JOAO.VICTOR;29/05/2026 10:45;CARGIL_M;;FALSE;;;;;;;;;;FALSE;;AÇÃO DE MP;;5405-2;;5405;2;4;1;TLG;MSGAS;35214;TLG2-CGL;ESTAÇÃO CARGILL
;FALSE;206265;20;03/06/2024 08:00;7;REVISAO DO FILTRO CARTUCHO VENTAGEM, INSPECAO VISUAL,INSPECAO DO EF, TROCA DE ESTOJOS OXIDADOS;Concluído;03/06/2024 16:00;Purga dos filtros, inspeção e substituição do elemento filtrante, substituição dos estojos oxidados;TLG2-CGL;ESTAÇÃO CARGILL;PREV;TLG;;EQUIPAMENTO;;;08/04/2024 08:00;;12/04/2024 17:00;02/06/2026 09:05;02/06/2026 10:43;EMRP_IND;EQUIPAMENTO;;;;;;;;;;;JOAO.VICTOR;29/05/2026 10:50;;;;;;;FALSE;*;;BRL;SEO;;;;;;;;;FALSE;;;;FALSE;;;;;;FALSE;;FALSE;FALSE;2;Precisa de Reprogramação;;;FALSE;FALSE;FALSE;FALSE;JOAO.VICTOR;100;OPE;OPERANDO;Não Obstrutivo;2;REVISAO DO FILTRO CARTUCHO VENTAGEM, INSPECAO VISUAL,INSPECAO DO EF, TROCA DE ESTOJOS OXIDADOS;;;;FALSE;;;JOAO.VICTOR;29/05/2026 10:50;CARGIL_M;;FALSE;;;;;;;;;;FALSE;;AÇÃO DE MP;;5548-1;;5548;1;3;1;TLG;MSGAS;35214;TLG2-CGL;ESTAÇÃO CARGILL
;FALSE;206266;30;03/06/2024 08:00;7;CALIBRAÇÃO DE CV OU TRASMISSORES PARA MEDIÇÃO;Cancelado;03/06/2024 16:00;Calibração do CV verificando pressão, temperatura, e sincronizar volume;TLG2-CGL;ESTAÇÃO CARGILL;PREV;TLG;;EQUIPAMENTO;;;08/04/2024 08:00;;12/04/2024 17:00;;;EMRP_IND;EQUIPAMENTO;;;;;;;;;;;JOAO.VICTOR;29/05/2026 10:50;;;;;;;FALSE;*;;BRL;SEO;;;;;;;;;FALSE;;;;FALSE;;;;;;FALSE;;FALSE;FALSE;2;Precisa de Reprogramação;;;FALSE;FALSE;FALSE;FALSE;JOAO.VICTOR;0;OPE;OPERANDO;Não Obstrutivo;3;Preparação dos instrumentos de pressão e temperatura que impactam diretamente na medição;;;;FALSE;SNR;SERVIÇO NÃO REALIZADO;JOAO.VICTOR;29/05/2026 10:50;CARGIL_M;;FALSE;;;;;;;;;;FALSE;;AÇÃO DE MP;;5549-1;;5549;1;4;1;TLG;MSGAS;35214;TLG2-CGL;ESTAÇÃO CARGILL
;FALSE;206267;40;03/06/2024 08:00;7;CALIB PSV ALTA PRESSÃO BANCADA;Cancelado;03/06/2024 16:00;Retirar PSV FTA para calibração em bancada.;TLG2-CGL;ESTAÇÃO CARGILL;PREV;TLG;;EQUIPAMENTO;;;08/04/2024 08:00;;12/04/2024 17:00;;;EMRP_IND;EQUIPAMENTO;;;;;;;;;;;JOAO.VICTOR;29/05/2026 10:50;;;;;;;FALSE;*;;BRL;SEO;;;;;;;;;FALSE;;;;FALSE;;;;;;FALSE;;FALSE;FALSE;2;Precisa de Reprogramação;;;FALSE;FALSE;FALSE;FALSE;JOAO.VICTOR;0;OPE;OPERANDO;Não Obstrutivo;4;Retirada de PSV do campo e calibração da mesma em bancada com nitrogênio.;;;;FALSE;SNR;SERVIÇO NÃO REALIZADO;JOAO.VICTOR;29/05/2026 10:50;CARGIL_M;;FALSE;;;;;;;;;;FALSE;;AÇÃO DE MP;;5550-1;;5550;1;4;1;TLG;MSGAS;35214;TLG2-CGL;ESTAÇÃO CARGILL
;FALSE;206268;50;03/06/2024 08:00;7;CALIB PSV ALTA PRESSÃO BANCADA;Cancelado;03/06/2024 16:00;Retirar PSV FTB para calibração em bancada.;TLG2-CGL;ESTAÇÃO CARGILL;PREV;TLG;;EQUIPAMENTO;;;08/04/2024 08:00;;12/04/2024 17:00;;;EMRP_IND;EQUIPAMENTO;;;;;;;;;;;JOAO.VICTOR;29/05/2026 10:50;;;;;;;FALSE;*;;BRL;SEO;;;;;;;;;FALSE;;;;FALSE;;;;;;FALSE;;FALSE;FALSE;2;Precisa de Reprogramação;;;FALSE;FALSE;FALSE;FALSE;JOAO.VICTOR;0;OPE;OPERANDO;Não Obstrutivo;5;Retirada de PSV do campo e calibração da mesma em bancada com nitrogênio.;;;;FALSE;SNR;SERVIÇO NÃO REALIZADO;JOAO.VICTOR;29/05/2026 10:50;CARGIL_M;;FALSE;;;;;;;;;;FALSE;;AÇÃO DE MP;;5551-1;;5551;1;4;1;TLG;MSGAS;35214;TLG2-CGL;ESTAÇÃO CARGILL
;FALSE;206269;60;03/06/2024 08:00;7;LAVAGEM E RETIRADA DE VAZAMENTO;Concluído;03/06/2024 16:00;Inspeção de vazamentos e lavagem da estação, sanar vazamentos;TLG2-CGL;ESTAÇÃO CARGILL;PREV;TLG;;EQUIPAMENTO;;;08/04/2024 08:00;;12/04/2024 17:00;01/06/2026 08:38;02/06/2026 10:43;EMRP_IND;EQUIPAMENTO;;;;;;;;;;;JOAO.VICTOR;29/05/2026 10:50;;;;;;;FALSE;*;;BRL;SEO;;;;;;;;;FALSE;;;;FALSE;;;;;;FALSE;;FALSE;FALSE;2;Precisa de Reprogramação;;;FALSE;FALSE;FALSE;FALSE;JOAO.VICTOR;100;OPE;OPERANDO;Não Obstrutivo;6;"Lavagem e retirada de vazamentos da estação.
Caso tenha um vazamento que precise trocar componentes ou intervenção mais especifica notificar coordenador.";;;;FALSE;;;JOAO.VICTOR;29/05/2026 10:50;CARGIL_M;;FALSE;;;;;;;;;;FALSE;;AÇÃO DE MP;;5553-1;;5553;1;4;1;TLG;MSGAS;35214;TLG2-CGL;ESTAÇÃO CARGILL
;FALSE;206270;70;03/06/2024 08:00;7;Inspeção de válvulas retentoras;Concluído;03/06/2024 16:00;Inspeção das válvulas retentoras;TLG2-CGL;ESTAÇÃO CARGILL;PREV;TLG;;EQUIPAMENTO;;;08/04/2024 08:00;;12/04/2024 17:00;02/06/2026 09:24;02/06/2026 10:44;EMRP_IND;EQUIPAMENTO;;;;;;;;;;;JOAO.VICTOR;29/05/2026 10:50;;;;;;;FALSE;*;;BRL;SEO;;;;;;;;;FALSE;;;;FALSE;;;;;;FALSE;;FALSE;FALSE;2;Precisa de Reprogramação;;;FALSE;FALSE;FALSE;FALSE;JOAO.VICTOR;100;OPE;OPERANDO;Não Obstrutivo;7;Inspeção de válvulas retentoras;;;;FALSE;;;JOAO.VICTOR;29/05/2026 10:50;CARGIL_M;;FALSE;;;;;;;;;;FALSE;;AÇÃO DE MP;;5554-1;;5554;1;4;1;TLG;MSGAS;35214;TLG2-CGL;ESTAÇÃO CARGILL
;FALSE;206271;80;03/06/2024 08:00;7;Lubrificação de medidores industriais;Concluído;03/06/2024 16:00;Verificação do medidor, nível de óleo e completar;TLG2-CGL;ESTAÇÃO CARGILL;PREV;TLG;;EQUIPAMENTO;;;08/04/2024 08:00;;12/04/2024 17:00;02/06/2026 09:07;02/06/2026 10:44;EMRP_IND;EQUIPAMENTO;;;;;;;;;;;JOAO.VICTOR;29/05/2026 10:50;;;;;;;FALSE;*;;BRL;SEO;;;;;;;;;FALSE;;;;FALSE;;;;;;FALSE;;FALSE;FALSE;2;Precisa de Reprogramação;;;FALSE;FALSE;FALSE;FALSE;JOAO.VICTOR;100;OPE;OPERANDO;Não Obstrutivo;8;Lubrificação de medidores industriais;;;;FALSE;;;JOAO.VICTOR;29/05/2026 10:50;CARGIL_M;;FALSE;;;;;;;;;;FALSE;;AÇÃO DE MP;;5556-1;;5556;1;4;1;TLG;MSGAS;35214;TLG2-CGL;ESTAÇÃO CARGILL
;FALSE;206272;90;03/06/2024 08:00;7;Calibração dos transmissores;Cancelado;03/06/2024 16:00;Calibração dos transmissores de temperatura e pressão;TLG2-CGL;ESTAÇÃO CARGILL;PREV;TLG;;EQUIPAMENTO;;;08/04/2024 08:00;;12/04/2024 17:00;;;EMRP_IND;EQUIPAMENTO;;;;;;;;;;;JOAO.VICTOR;29/05/2026 10:50;;;;;;;FALSE;*;;BRL;SEO;;;;;;;;;FALSE;;;;FALSE;;;;;;FALSE;;FALSE;FALSE;2;Precisa de Reprogramação;;;FALSE;FALSE;FALSE;FALSE;JOAO.VICTOR;0;OPE;OPERANDO;Não Obstrutivo;;;;;;FALSE;SNR;SERVIÇO NÃO REALIZADO;JOAO.VICTOR;29/05/2026 10:50;CARGIL_M;;FALSE;;;;;;;;;;FALSE;;AÇÃO DE MP;;5557-1;;5557;1;4;1;TLG;MSGAS;35214;TLG2-CGL;ESTAÇÃO CARGILL
;FALSE;206312;10;02/06/2026 07:00;;Acompanhamento de Terceiros - TLG;Concluído;02/06/2026 17:00;;TLG2;REDE BAIXA PRESSÃO PEAD;;OTLG;;EQUIPAMENTO;;;;;;02/06/2026 17:51;09/06/2026 14:44;;;;;;;;;;;;;GIULIO;02/06/2026 08:17;;;;;;;FALSE;*;;BRL;SEO;;;;;;;;;FALSE;;;;FALSE;;;;;;FALSE;;FALSE;FALSE;2;Precisa de Reprogramação;;;FALSE;FALSE;FALSE;FALSE;;100;OPE;OPERANDO;Não Obstrutivo;1;Acompanhamento de Terceiros em Intervenção Sobre a Faixa de TLG.;;;;FALSE;;;GIULIO;02/06/2026 08:17;;;FALSE;;;;;;;;;;FALSE;;OPERAÇÃO MODELO TAREFA;;ACOMTLG:1:1;Acompanhamento de Terceiros - TLG;ACOMTLG;1;1;;TLG;MSGAS;35237;TLG2;REDE BAIXA PRESSÃO PEAD
;FALSE;206318;10;03/06/2026 16:00;0,75;Troca de sobreaviso 0800 - Vermelho;Concluído;03/06/2026 16:45;;;;TRC0800;TLG;;EQUIPAMENTO;;;;;;03/06/2026 13:52;08/06/2026 14:21;;;;;;;;;;;;;JOAO.VICTOR;02/06/2026 09:19;;;;;;;FALSE;*;;BRL;SEO;;;;;;;;;FALSE;;;;FALSE;;;;;;FALSE;;FALSE;FALSE;2;Precisa de Reprogramação;;;FALSE;FALSE;FALSE;FALSE;;100;NAP;NÃO APLICAVEL;Não Obstrutivo;1;Realizar checklist na viatura antes da transferência do 0800: Verificar ítens listados. Informar conformidade dos itens. Fazer observações, se necessário. Remover todos os itens de uso individual de cada TOM.;;;;FALSE;;;JOAO.VICTOR;02/06/2026 09:19;;;FALSE;;;;;;;;;;FALSE;;OPERAÇÃO MODELO TAREFA;;TRANSF_0800-CGR:4:1;TRANSFERÊNCIA 0800;TRANSF_0800-CGR;4;1;;TLG;MSGAS;35242;;
;FALSE;206429;10;01/07/2026 08:00;7;Andarilho - RAMAL 14;Concluído;01/07/2026 16:00;;TLG1;REDE ALTA PRESSÃO AÇO;PATRULHA;TLG;;EQUIPAMENTO;;;;;;09/06/2026 14:24;03/07/2026 16:31;;;;;;;;;;;;;JOAO.VICTOR;03/06/2026 10:36;;;;;;;FALSE;*;;BRL;SEO;;;;;;;;;FALSE;;;;FALSE;;;;;;FALSE;;FALSE;FALSE;2;Precisa de Reprogramação;;;FALSE;FALSE;FALSE;FALSE;;100;;;;;;;;;FALSE;;;JOAO.VICTOR;03/06/2026 10:36;;;FALSE;;;;;;;;;;FALSE;;TAREFA DE TRABALHO;TLG;206261;Andarilho - RAMAL 14;206261;;;;TLG;MSGAS;35269;TLG1;REDE ALTA PRESSÃO AÇO
;FALSE;206511;10;08/06/2026 14:00;7;ESTAÇÃO SITREL - Inspeção rotineira da Estação;Concluído;09/06/2026 11:00;;TLG2-STL;ESTAÇÃO SITREL;INSP;OTLG;;EQUIPAMENTO;;;08/06/2026 08:00;;12/06/2026 17:00;08/06/2026 08:10;08/06/2026 08:13;EMRP_IND;EQUIPAMENTO;;;;;;;;;;;JOAO.VICTOR;03/06/2026 10:44;;;;;;;FALSE;*;;BRL;SEO;;;;;;;;;FALSE;;;;FALSE;;;;;;FALSE;;FALSE;FALSE;2;Precisa de Reprogramação;;;FALSE;FALSE;FALSE;FALSE;LAILA.ESTAGIO;100;OPE;OPERANDO;Não Obstrutivo;;;;;;FALSE;;;JOAO.VICTOR;03/06/2026 10:44;INSP-14;;FALSE;;;;;;;;;;FALSE;;AÇÃO DE MP;;4026-1;;4026;1;391;1;TLG;MSGAS;35275;TLG2-STL;ESTAÇÃO SITREL
;FALSE;206512;20;08/06/2026 14:00;7;C-UFN - Inspeção rotineira da Estação;Cancelado;09/06/2026 11:00;;TLG1-C-UFN;UFN3 - ESTAÇÃO DO CLIENTE;INSP;OTLG;;EQUIPAMENTO;;;08/06/2026 08:00;;12/06/2026 17:00;;;EMRP_IND;EQUIPAMENTO;;;;;;;;;;;JOAO.VICTOR;03/06/2026 10:44;;;;;;;FALSE;*;;BRL;SEO;;;;;;;;;FALSE;;;;FALSE;;;;;;FALSE;;FALSE;FALSE;2;Precisa de Reprogramação;;;FALSE;FALSE;FALSE;FALSE;LAILA.ESTAGIO;0;OPE;OPERANDO;Não Obstrutivo;;;;;;FALSE;ENO;EQUIPAMENTO NÃO OPERANTE;JOAO.VICTOR;03/06/2026 10:44;INSP-14;;FALSE;;;;;;;;;;FALSE;;AÇÃO DE MP;;4029-1;;4029;1;391;1;TLG;MSGAS;35275;TLG1-C-UFN;UFN3 - ESTAÇÃO DO CLIENTE
;FALSE;206513;30;08/06/2026 14:00;7;UO - Inspeção rotineira da Estação;Concluído;09/06/2026 11:00;;TLG1-UO;UNIDADE DE ODORIZAÇÃO;INSP;OTLG;;EQUIPAMENTO;;;08/06/2026 08:00;;12/06/2026 17:00;08/06/2026 08:48;08/06/2026 08:50;;;;;;;;;;;;;JOAO.VICTOR;03/06/2026 10:44;;;;;;;FALSE;*;;BRL;SEO;;;;;;;;;FALSE;;;;FALSE;;;;;;FALSE;;FALSE;FALSE;2;Precisa de Reprogramação;;;FALSE;FALSE;FALSE;FALSE;LAILA.ESTAGIO;100;OPE;OPERANDO;Não Obstrutivo;;;;;;FALSE;;;JOAO.VICTOR;03/06/2026 10:44;INSP-14;;FALSE;;;;;;;;;;FALSE;;AÇÃO DE MP;;4030-1;;4030;1;391;1;TLG;MSGAS;35275;TLG1-UO;UNIDADE DE ODORIZAÇÃO
;FALSE;206514;40;08/06/2026 14:00;7;VCP (Suzano) - Inspeção rotineira da Estação;Concluído;09/06/2026 11:00;;TLG1-VCP;FIBRIA PAPEL E CELULOSE;INSP;OTLG;;EQUIPAMENTO;;;08/06/2026 08:00;;12/06/2026 17:00;08/06/2026 08:56;08/06/2026 08:59;EMRP_IND;EQUIPAMENTO;;;;;;;;;;;JOAO.VICTOR;03/06/2026 10:44;;;;;;;FALSE;*;;BRL;SEO;;;;;;;;;FALSE;;;;FALSE;;;;;;FALSE;;FALSE;FALSE;2;Precisa de Reprogramação;;;FALSE;FALSE;FALSE;FALSE;LAILA.ESTAGIO;100;OPE;OPERANDO;Não Obstrutivo;;;;;;FALSE;;;JOAO.VICTOR;03/06/2026 10:44;INSP-14;;FALSE;;;;;;;;;;FALSE;;AÇÃO DE MP;;4031-1;;4031;1;391;1;TLG;MSGAS;35275;TLG1-VCP;FIBRIA PAPEL E CELULOSE
;FALSE;206515;50;08/06/2026 14:00;7;M-UFN - Inspeção rotineira da Estação;Cancelado;09/06/2026 11:00;;TLG1-M-UFN;UFN3 - ESTAÇÃO DE MEDIÇÃO;INSP;OTLG;;EQUIPAMENTO;;;08/06/2026 08:00;;12/06/2026 17:00;;;EMRP_IND;EQUIPAMENTO;;;;;;;;;;;JOAO.VICTOR;03/06/2026 10:44;;;;;;;FALSE;*;;BRL;SEO;;;;;;;;;FALSE;;;;FALSE;;;;;;FALSE;;FALSE;FALSE;2;Precisa de Reprogramação;;;FALSE;FALSE;FALSE;FALSE;LAILA.ESTAGIO;0;OPE;OPERANDO;Não Obstrutivo;;;;;;FALSE;ENO;EQUIPAMENTO NÃO OPERANTE;JOAO.VICTOR;03/06/2026 10:44;INSP-14;;FALSE;;;;;;;;;;FALSE;;AÇÃO DE MP;;4035-1;;4035;1;393;1;TLG;MSGAS;35275;TLG1-M-UFN;UFN3 - ESTAÇÃO DE MEDIÇÃO
;FALSE;206516;60;08/06/2026 14:00;7;ERS2 - Inspeção rotineira da Estação;Concluído;09/06/2026 11:00;;TLG1-ERS2;ESTAÇÃO DE REDUÇÃO SECUNDÁRIA 2;INSP;OTLG;;EQUIPAMENTO;;;08/06/2026 08:00;;12/06/2026 17:00;08/06/2026 09:18;08/06/2026 09:23;EMRP_IND;EQUIPAMENTO;;;;;;;;;;;JOAO.VICTOR;03/06/2026 10:44;;;;;;;FALSE;*;;BRL;SEO;;;;;;;;;FALSE;;;;FALSE;;;;;;FALSE;;FALSE;FALSE;2;Precisa de Reprogramação;;;FALSE;FALSE;FALSE;FALSE;LAILA.ESTAGIO;100;OPE;OPERANDO;Não Obstrutivo;;;;;;FALSE;;;JOAO.VICTOR;03/06/2026 10:44;INSP-14;;FALSE;;;;;;;;;;FALSE;;AÇÃO DE MP;;4038-1;;4038;1;393;1;TLG;MSGAS;35275;TLG1-ERS2;ESTAÇÃO DE REDUÇÃO SECUNDÁRIA 2
;FALSE;206517;70;08/06/2026 14:00;7;ERS2-FE01 - Inspeção rotineira da Estação;Concluído;09/06/2026 11:00;;TLG1-ERS2-FE01;Medição Tramo 1;INSP;OTLG;;EQUIPAMENTO;;;08/06/2026 08:00;;12/06/2026 17:00;08/06/2026 09:23;08/06/2026 09:25;;;;;;;;;;;;;JOAO.VICTOR;03/06/2026 10:44;;;;;;;FALSE;*;;BRL;SEO;;;;;;;;;FALSE;;;;FALSE;;;;;;FALSE;;FALSE;FALSE;2;Precisa de Reprogramação;;;FALSE;FALSE;FALSE;FALSE;LAILA.ESTAGIO;100;OPE;OPERANDO;Não Obstrutivo;;;;;;FALSE;;;JOAO.VICTOR;03/06/2026 10:44;INSP-14;;FALSE;;;;;;;;;;FALSE;;AÇÃO DE MP;;4039-1;;4039;1;393;1;TLG;MSGAS;35275;TLG1-ERS2-FE01;Medição Tramo 1
;FALSE;206518;80;08/06/2026 14:00;7;ERS2-FE02 - Inspeção rotineira da Estação;Cancelado;09/06/2026 11:00;;TLG1-ERS2-FE02;Medição Tramo 2;INSP;OTLG;;EQUIPAMENTO;;;08/06/2026 08:00;;12/06/2026 17:00;;;;;;;;;;;;;;;JOAO.VICTOR;03/06/2026 10:44;;;;;;;FALSE;*;;BRL;SEO;;;;;;;;;FALSE;;;;FALSE;;;;;;FALSE;;FALSE;FALSE;2;Precisa de Reprogramação;;;FALSE;FALSE;FALSE;FALSE;LAILA.ESTAGIO;0;OPE;OPERANDO;Não Obstrutivo;;;;;;FALSE;ENO;EQUIPAMENTO NÃO OPERANTE;JOAO.VICTOR;03/06/2026 10:44;INSP-14;;FALSE;;;;;;;;;;FALSE;;AÇÃO DE MP;;4040-1;;4040;1;393;1;TLG;MSGAS;35275;TLG1-ERS2-FE02;Medição Tramo 2
;FALSE;206519;90;08/06/2026 14:00;7;ERS2-FE03 - Inspeção rotineira da Estação;Cancelado;09/06/2026 11:00;;TLG1-ERS2-FE03;Medição Tramo 3;INSP;OTLG;;EQUIPAMENTO;;;08/06/2026 08:00;;12/06/2026 17:00;;;;;;;;;;;;;;;JOAO.VICTOR;03/06/2026 10:44;;;;;;;FALSE;*;;BRL;SEO;;;;;;;;;FALSE;;;;FALSE;;;;;;FALSE;;FALSE;FALSE;2;Precisa de Reprogramação;;;FALSE;FALSE;FALSE;FALSE;LAILA.ESTAGIO;0;OPE;OPERANDO;Não Obstrutivo;;;;;;FALSE;ENO;EQUIPAMENTO NÃO OPERANTE;JOAO.VICTOR;03/06/2026 10:44;INSP-14;;FALSE;;;;;;;;;;FALSE;;AÇÃO DE MP;;4041-1;;4041;1;393;1;TLG;MSGAS;35275;TLG1-ERS2-FE03;Medição Tramo 3
;FALSE;206520;100;08/06/2026 14:00;7;CARGILL - Inspeção rotineira da Estação;Concluído;09/06/2026 11:00;;TLG2-CGL;ESTAÇÃO CARGILL;INSP;OTLG;;EQUIPAMENTO;;;08/06/2026 08:00;;12/06/2026 17:00;08/06/2026 15:37;08/06/2026 15:43;EMRP_IND;EQUIPAMENTO;;;;;;;;;;;JOAO.VICTOR;03/06/2026 10:44;;;;;;;FALSE;*;;BRL;SEO;;;;;;;;;FALSE;;;;FALSE;;;;;;FALSE;;FALSE;FALSE;2;Precisa de Reprogramação;;;FALSE;FALSE;FALSE;FALSE;GIULIO;100;OPE;OPERANDO;Não Obstrutivo;;;;;;FALSE;;;JOAO.VICTOR;03/06/2026 10:44;INSP-14;;FALSE;;;;;;;;;;FALSE;;AÇÃO DE MP;;4046-1;;4046;1;453;1;TLG;MSGAS;35275;TLG2-CGL;ESTAÇÃO CARGILL
;FALSE;206521;110;08/06/2026 14:00;7;TLG1-VE-02 - Inspeção rotineira da Estação;Concluído;09/06/2026 11:00;;TLG1-VE-02;VBA - KM 18;INSP;OTLG;;EQUIPAMENTO;;;08/06/2026 08:00;;12/06/2026 17:00;08/06/2026 09:01;08/06/2026 09:02;;;;;;;;;;;;;JOAO.VICTOR;03/06/2026 10:44;;;;;;;FALSE;*;;BRL;SEO;;;;;;;;;FALSE;;;;FALSE;;;;;;FALSE;;FALSE;FALSE;2;Precisa de Reprogramação;;;FALSE;FALSE;FALSE;FALSE;LAILA.ESTAGIO;100;OPE;OPERANDO;Não Obstrutivo;;;;;;FALSE;;;JOAO.VICTOR;03/06/2026 10:44;INSP-14;;FALSE;;;;;;;;;;FALSE;;AÇÃO DE MP;;4100-1;;4100;1;409;1;TLG;MSGAS;35275;TLG1-VE-02;VBA - KM 18
;FALSE;206923;10;22/06/2026 08:00;0,15;TLG1-ERS - Inspeção rotineira da Estação;Concluído;22/06/2026 08:09;;TLG1-ERS;ESTAÇÃO DE REDUÇÃO SECUNDÁRIA;INSP;OTLG;;EQUIPAMENTO;;;22/06/2026 08:00;;26/06/2026 17:00;23/06/2026 13:50;23/06/2026 13:50;EMRP_IND;EQUIPAMENTO;;;;;;;;;;;JOAO.VICTOR;19/06/2026 17:35;;;;;;;FALSE;*;;BRL;SEO;;;;;;;;;FALSE;;;;FALSE;;;;;;FALSE;;FALSE;FALSE;2;Precisa de Reprogramação;;;FALSE;FALSE;FALSE;FALSE;FELIPEL;100;OPE;OPERANDO;Não Obstrutivo;;;;;;FALSE;;;JOAO.VICTOR;19/06/2026 17:35;INSP-ELD;;FALSE;;;;;;;;;;FALSE;;AÇÃO DE MP;;4006-1;;4006;1;406;1;TLG;MSGAS;35481;TLG1-ERS;ESTAÇÃO DE REDUÇÃO SECUNDÁRIA
;FALSE;206924;20;22/06/2026 08:00;0,15;TLG1-ERS1-FE-01 - Inspeção rotineira da Estação;Concluído;22/06/2026 08:09;;TLG1-ERS1-FE01;Medição - Tramo 01;INSP;OTLG;;EQUIPAMENTO;;;22/06/2026 08:00;;26/06/2026 17:00;23/06/2026 13:52;23/06/2026 13:52;;;;;;;;;;;;;JOAO.VICTOR;19/06/2026 17:35;;;;;;;FALSE;*;;BRL;SEO;;;;;;;;;FALSE;;;;FALSE;;;;;;FALSE;;FALSE;FALSE;2;Precisa de Reprogramação;;;FALSE;FALSE;FALSE;FALSE;LAILA.ESTAGIO;100;OPE;OPERANDO;Não Obstrutivo;;;;;;FALSE;;;JOAO.VICTOR;19/06/2026 17:35;INSP-ELD;;FALSE;;;;;;;;;;FALSE;;AÇÃO DE MP;;4008-1;;4008;1;406;1;TLG;MSGAS;35481;TLG1-ERS1-FE01;Medição - Tramo 01
;FALSE;206925;30;22/06/2026 08:00;0,15;TLG1-R-ELD - Inspeção rotineira da Estação;Concluído;22/06/2026 08:09;;TLG1-R-ELD;ESTAÇÃO DE CONTROLE DE VAZÃO ELDORADO;INSP;OTLG;;EQUIPAMENTO;;;22/06/2026 08:00;;26/06/2026 17:00;23/06/2026 13:52;23/06/2026 13:53;;;;;;;;;;;;;JOAO.VICTOR;19/06/2026 17:35;;;;;;;FALSE;*;;BRL;SEO;;;;;;;;;FALSE;;;;FALSE;;;;;;FALSE;;FALSE;FALSE;2;Precisa de Reprogramação;;;FALSE;FALSE;FALSE;FALSE;LAILA.ESTAGIO;100;OPE;OPERANDO;Não Obstrutivo;;;;;;FALSE;;;JOAO.VICTOR;19/06/2026 17:35;INSP-ELD;;FALSE;;;;;;;;;;FALSE;;AÇÃO DE MP;;4009-1;;4009;1;406;1;TLG;MSGAS;35481;TLG1-R-ELD;ESTAÇÃO DE CONTROLE DE VAZÃO ELDORADO
;FALSE;206926;40;22/06/2026 08:00;0,15;TLG2-BG-FE01 - Inspeção rotineira da Estação;Concluído;22/06/2026 08:09;;TLG2-BG-FE01;Medição Tramo 1;INSP;OTLG;;EQUIPAMENTO;;;22/06/2026 08:00;;26/06/2026 17:00;23/06/2026 13:54;23/06/2026 13:54;;;;;;;;;;;;;JOAO.VICTOR;19/06/2026 17:35;;;;;;;FALSE;*;;BRL;SEO;;;;;;;;;FALSE;;;;FALSE;;;;;;FALSE;;FALSE;FALSE;2;Precisa de Reprogramação;;;FALSE;FALSE;FALSE;FALSE;JOAO.VICTOR;100;OPE;OPERANDO;Não Obstrutivo;;;;;;FALSE;;;JOAO.VICTOR;19/06/2026 17:35;INSP-ELD;;FALSE;;;;;;;;;;FALSE;;AÇÃO DE MP;;4011-1;;4011;1;614;1;TLG;MSGAS;35481;TLG2-BG-FE01;Medição Tramo 1
;FALSE;206927;50;22/06/2026 08:00;0,15;TLG2-FRL - Inspeção rotineira da Estação;Concluído;22/06/2026 08:09;;TLG2-FRL;ESTAÇÃO FERAL;INSP;OTLG;;EQUIPAMENTO;;;22/06/2026 08:00;;26/06/2026 17:00;23/06/2026 13:56;23/06/2026 13:56;EMRP_IND;EQUIPAMENTO;;;;;;;;;;;JOAO.VICTOR;19/06/2026 17:35;;;;;;;FALSE;*;;BRL;SEO;;;;;;;;;FALSE;;;;FALSE;;;;;;FALSE;;FALSE;FALSE;2;Precisa de Reprogramação;;;FALSE;FALSE;FALSE;FALSE;LAILA.ESTAGIO;100;OPE;OPERANDO;Não Obstrutivo;;;;;;FALSE;;;JOAO.VICTOR;19/06/2026 17:35;INSP-ELD;;FALSE;;;;;;;;;;FALSE;;AÇÃO DE MP;;4012-1;;4012;1;406;1;TLG;MSGAS;35481;TLG2-FRL;ESTAÇÃO FERAL
;FALSE;206928;60;22/06/2026 08:00;0,15;TLG2-MTF - Inspeção rotineira da Estação;Concluído;22/06/2026 08:09;;TLG2-MTF;ESTAÇÃO METALFRIO;INSP;OTLG;;EQUIPAMENTO;;;22/06/2026 08:00;;26/06/2026 17:00;23/06/2026 13:59;23/06/2026 13:59;EMRP_IND;EQUIPAMENTO;;;;;;;;;;;JOAO.VICTOR;19/06/2026 17:35;;;;;;;FALSE;*;;BRL;SEO;;;;;;;;;FALSE;;;;FALSE;;;;;;FALSE;;FALSE;FALSE;2;Precisa de Reprogramação;;;FALSE;FALSE;FALSE;FALSE;LAILA.ESTAGIO;100;OPE;OPERANDO;Não Obstrutivo;;;;;;FALSE;;;JOAO.VICTOR;19/06/2026 17:35;INSP-ELD;;FALSE;;;;;;;;;;FALSE;;AÇÃO DE MP;;4014-1;;4014;1;406;1;TLG;MSGAS;35481;TLG2-MTF;ESTAÇÃO METALFRIO
;FALSE;206929;70;22/06/2026 08:00;0,15;TLG1-UT - Inspeção rotineira da Estação;Concluído;22/06/2026 08:09;;TLG1-UT;USINA TERMOELÉTRICA;INSP;OTLG;;EQUIPAMENTO;;;22/06/2026 08:00;;26/06/2026 17:00;23/06/2026 14:02;23/06/2026 14:04;EMRP_IND;EQUIPAMENTO;;;;;;;;;;;JOAO.VICTOR;19/06/2026 17:35;;;;;;;FALSE;*;;BRL;SEO;;;;;;;;;FALSE;;;;FALSE;;;;;;FALSE;;FALSE;FALSE;2;Precisa de Reprogramação;;;FALSE;FALSE;FALSE;FALSE;JOAO.VICTOR;100;OPE;OPERANDO;Não Obstrutivo;;;;;;FALSE;;;JOAO.VICTOR;19/06/2026 17:35;INSP-ELD;;FALSE;;;;;;;;;;FALSE;;AÇÃO DE MP;;4016-1;;4016;1;614;1;TLG;MSGAS;35481;TLG1-UT;USINA TERMOELÉTRICA
;FALSE;206930;80;22/06/2026 08:00;0,15;TLG1-RET-02 - Inspeção rotineira da Estação;Concluído;22/06/2026 08:09;;TLG1-RET-02;RETIFICADOR RAMAL ELDORADO;INSP;OTLG;;EQUIPAMENTO;;;22/06/2026 08:00;;26/06/2026 17:00;23/06/2026 14:05;23/06/2026 14:06;;;;;;;;;;;;;JOAO.VICTOR;19/06/2026 17:35;;;;;;;FALSE;*;;BRL;SEO;;;;;;;;;FALSE;;;;FALSE;;;;;;FALSE;;FALSE;FALSE;2;Precisa de Reprogramação;;;FALSE;FALSE;FALSE;FALSE;JOAO.VICTOR;100;OPE;OPERANDO;Não Obstrutivo;;;;;;FALSE;;;JOAO.VICTOR;19/06/2026 17:35;INSP-ELD;;FALSE;;;;;;;;;;FALSE;;AÇÃO DE MP;;4019-1;;4019;1;406;1;TLG;MSGAS;35481;TLG1-RET-02;RETIFICADOR RAMAL ELDORADO
;FALSE;206931;90;22/06/2026 08:00;0,15;TLG1-C-ELD - Inspeção rotineira da Estação;Concluído;22/06/2026 08:09;;TLG1-C-ELD;ESTAÇÃO CLIENTE ELDORADO;INSP;OTLG;;EQUIPAMENTO;;;22/06/2026 08:00;;26/06/2026 17:00;23/06/2026 14:06;23/06/2026 14:09;EMRP_IND;EQUIPAMENTO;;;;;;;;;;;JOAO.VICTOR;19/06/2026 17:35;;;;;;;FALSE;*;;BRL;SEO;;;;;;;;;FALSE;;;;FALSE;;;;;;FALSE;;FALSE;FALSE;2;Precisa de Reprogramação;;;FALSE;FALSE;FALSE;FALSE;LAILA.ESTAGIO;100;OPE;OPERANDO;Não Obstrutivo;;;;;;FALSE;;;JOAO.VICTOR;19/06/2026 17:35;INSP-ELD;;FALSE;;;;;;;;;;FALSE;;AÇÃO DE MP;;4020-1;;4020;1;406;1;TLG;MSGAS;35481;TLG1-C-ELD;ESTAÇÃO CLIENTE ELDORADO
;FALSE;206932;100;22/06/2026 08:00;0,15;TLG1-C-ELD-UTILIDADES - Inspeção rotineira da Estação;Concluído;22/06/2026 08:09;;TLG1-C-ELD-UTILIDADES;Medição Utilidades;INSP;OTLG;;EQUIPAMENTO;;;22/06/2026 08:00;;26/06/2026 17:00;23/06/2026 14:09;23/06/2026 14:11;;;;;;;;;;;;;JOAO.VICTOR;19/06/2026 17:35;;;;;;;FALSE;*;;BRL;SEO;;;;;;;;;FALSE;;;;FALSE;;;;;;FALSE;;FALSE;FALSE;2;Precisa de Reprogramação;;;FALSE;FALSE;FALSE;FALSE;LAILA.ESTAGIO;100;OPE;OPERANDO;Não Obstrutivo;;;;;;FALSE;;;JOAO.VICTOR;19/06/2026 17:35;INSP-ELD;;FALSE;;;;;;;;;;FALSE;;AÇÃO DE MP;;4025-1;;4025;1;406;1;TLG;MSGAS;35481;TLG1-C-ELD-UTILIDADES;Medição Utilidades
;FALSE;206933;110;22/06/2026 08:00;0,15;TLG1-VE-14 - Inspeção rotineira da Estação;Concluído;22/06/2026 08:09;;TLG1-VE-14;VBA ELD -  KM 17;INSP;OTLG;;EQUIPAMENTO;;;22/06/2026 08:00;;26/06/2026 17:00;23/06/2026 14:00;23/06/2026 14:00;;;;;;;;;;;;;JOAO.VICTOR;19/06/2026 17:35;;;;;;;FALSE;*;;BRL;SEO;;;;;;;;;FALSE;;;;FALSE;;;;;;FALSE;;FALSE;FALSE;2;Precisa de Reprogramação;;;FALSE;FALSE;FALSE;FALSE;LAILA.ESTAGIO;100;OPE;OPERANDO;Não Obstrutivo;;;;;;FALSE;;;JOAO.VICTOR;19/06/2026 17:35;INSP-ELD;;FALSE;;;;;;;;;;FALSE;;AÇÃO DE MP;;5204-1;;5204;1;488;1;TLG;MSGAS;35481;TLG1-VE-14;VBA ELD -  KM 17
;FALSE;206970;10;22/06/2026 14:00;4;1 - Inspeção rotineira de retificador SPC 2 - ANOTAR EM MEDIDAS AS LEITURAS DE POTENCIAIS;Concluído;23/06/2026 09:00;Inspeção do retificador e leitura de parâmetros;TLG1-RET-02;RETIFICADOR RAMAL ELDORADO;INSP;TLG;;EQUIPAMENTO;;;22/06/2026 08:00;;26/06/2026 17:00;23/06/2026 13:36;30/06/2026 15:00;;;;;;;;;;;;;JOAO.VICTOR;19/06/2026 17:35;;;;;;;FALSE;*;;BRL;SEO;;;;;;;;;FALSE;;;;FALSE;;;;;;FALSE;;FALSE;FALSE;2;Precisa de Reprogramação;;;FALSE;FALSE;FALSE;FALSE;AFONSO;100;OPE;OPERANDO;Não Obstrutivo;1;Inspeção de retificadores;;;;FALSE;;;JOAO.VICTOR;19/06/2026 17:35;;;FALSE;;;;;;;;;;FALSE;;AÇÃO DE MP;;2153-5;;2153;5;268;1;TLG;MSGAS;35488;TLG1-RET-02;RETIFICADOR RAMAL ELDORADO
;FALSE;206972;10;23/06/2026 14:00;3;Inspeção rotineira de EMRP industrial;Concluído;23/06/2026 17:00;;TLG2-FRL;ESTAÇÃO FERAL;INSP;TLG;;EQUIPAMENTO;;;22/06/2026 08:00;;26/06/2026 17:00;23/06/2026 08:02;23/06/2026 08:26;EMRP_IND;EQUIPAMENTO;;;;;;;;;;;JOAO.VICTOR;19/06/2026 17:35;;;;;;;FALSE;*;;BRL;SEO;;;;;;;;;FALSE;;;;FALSE;;;;;;FALSE;;FALSE;FALSE;2;Precisa de Reprogramação;;;FALSE;FALSE;FALSE;FALSE;EDUARDOB.ESTAGIO;100;OPE;OPERANDO;Não Obstrutivo;1;Inspeção rotineira de EMRP industrial;;;;FALSE;;;JOAO.VICTOR;19/06/2026 17:35;;;FALSE;;;;;;;;;;FALSE;;AÇÃO DE MP;;2336-2;;2336;2;69;1;TLG;MSGAS;35490;TLG2-FRL;ESTAÇÃO FERAL
;FALSE;207126;10;26/06/2026 08:00;3,5;patrulhamento central;Concluído;26/06/2026 11:30;;TLG;TRÊS LAGOAS;PATRULHA;TLG;;EQUIPAMENTO;;;02/07/2024 08:00;;08/07/2024 17:00;26/06/2026 11:36;30/06/2026 11:22;;;;;;;;;;;;;JOAO.VICTOR;25/06/2026 16:57;;;;;;;FALSE;*;;BRL;SEO;;;;;;;;;FALSE;;;;FALSE;;;;;;FALSE;;FALSE;FALSE;2;Precisa de Reprogramação;;;FALSE;FALSE;FALSE;FALSE;JOAO.VICTOR;100;;;;;;;;;FALSE;;;JOAO.VICTOR;25/06/2026 16:57;PATCEN;;FALSE;;;;;;;;;;FALSE;;AÇÃO DE MP;;4998-1;;4998;1;1;1;TLG;MSGAS;35549;TLG;TRÊS LAGOAS
;FALSE;207231;10;15/07/2026 09:23;7;Inspeção ON - OFF SPC;Concluído;16/07/2026 08:23;Inspeção ON - OFF do sistema de proteção catódica;TLG1-RET-02;RETIFICADOR RAMAL ELDORADO;INSP;TLG;;EQUIPAMENTO;;;29/06/2026 08:00;;03/07/2026 17:00;14/07/2026 08:52;15/07/2026 16:43;;;;;;;;;;;;;JOAO.VICTOR;26/06/2026 14:55;;;;;;;FALSE;*;;BRL;SEO;;;;;;;;;FALSE;;;;FALSE;;;;;;FALSE;;FALSE;FALSE;2;Precisa de Reprogramação;;;FALSE;FALSE;FALSE;FALSE;AFONSO;100;OPE;OPERANDO;Não Obstrutivo;1;Inspeção ON - OFF SPC;;;;FALSE;;;JOAO.VICTOR;26/06/2026 14:55;;;FALSE;;;;;;;;;;FALSE;;AÇÃO DE MP;;2151-2;;2151;2;12;1;TLG;MSGAS;35572;TLG1-RET-02;RETIFICADOR RAMAL ELDORADO
;FALSE;207895;10;13/07/2026 08:00;3;ESTAÇÃO SITREL - Inspeção rotineira da Estação;Concluído;13/07/2026 11:00;;TLG2-STL;ESTAÇÃO SITREL;INSP;TLG;;EQUIPAMENTO;;;;;;13/07/2026 15:03;13/07/2026 15:09;EMRP_IND;EQUIPAMENTO;;;;;;;;;;;GIULIO;13/07/2026 08:10;;;;;;;FALSE;*;;BRL;SEO;;;;;;;;;FALSE;;;;FALSE;;;;;;FALSE;;FALSE;FALSE;2;Precisa de Reprogramação;;;FALSE;FALSE;FALSE;FALSE;LAILA.ESTAGIO;100;OPE;OPERANDO;Não Obstrutivo;;;;;;FALSE;;;GIULIO;13/07/2026 08:10;;;FALSE;;;;;;;;;;FALSE;;TAREFA DE TRABALHO;TLG;207583;ESTAÇÃO SITREL - Inspeção rotineira da Estação;207583;;;;TLG;MSGAS;35821;TLG2-STL;ESTAÇÃO SITREL
;FALSE;207896;20;13/07/2026 08:00;3;C-UFN - Inspeção rotineira da Estação;Concluído;13/07/2026 11:00;;TLG1-C-UFN;UFN3 - ESTAÇÃO DO CLIENTE;INSP;TLG;;EQUIPAMENTO;;;;;;13/07/2026 15:00;13/07/2026 15:00;EMRP_IND;EQUIPAMENTO;;;;;;;;;;;GIULIO;13/07/2026 08:10;;;;;;;FALSE;*;;BRL;SEO;;;;;;;;;FALSE;;;;FALSE;;;;;;FALSE;;FALSE;FALSE;2;Precisa de Reprogramação;;;FALSE;FALSE;FALSE;FALSE;LAILA.ESTAGIO;100;OPE;OPERANDO;Não Obstrutivo;;;;;;FALSE;;;GIULIO;13/07/2026 08:10;;;FALSE;;;;;;;;;;FALSE;;TAREFA DE TRABALHO;TLG;207584;C-UFN - Inspeção rotineira da Estação;207584;;;;TLG;MSGAS;35821;TLG1-C-UFN;UFN3 - ESTAÇÃO DO CLIENTE
;FALSE;207897;30;13/07/2026 08:00;3;UO - Inspeção rotineira da Estação;Concluído;13/07/2026 11:00;;TLG1-UO;UNIDADE DE ODORIZAÇÃO;INSP;TLG;;EQUIPAMENTO;;;;;;13/07/2026 14:50;13/07/2026 14:52;;;;;;;;;;;;;GIULIO;13/07/2026 08:10;;;;;;;FALSE;*;;BRL;SEO;;;;;;;;;FALSE;;;;FALSE;;;;;;FALSE;;FALSE;FALSE;2;Precisa de Reprogramação;;;FALSE;FALSE;FALSE;FALSE;LAILA.ESTAGIO;100;OPE;OPERANDO;Não Obstrutivo;;;;;;FALSE;;;GIULIO;13/07/2026 08:10;;;FALSE;;;;;;;;;;FALSE;;TAREFA DE TRABALHO;TLG;207585;UO - Inspeção rotineira da Estação;207585;;;;TLG;MSGAS;35821;TLG1-UO;UNIDADE DE ODORIZAÇÃO
;FALSE;207898;40;13/07/2026 08:00;3;VCP (Suzano) - Inspeção rotineira da Estação;Concluído;13/07/2026 11:00;;TLG1-VCP;FIBRIA PAPEL E CELULOSE;INSP;TLG;;EQUIPAMENTO;;;;;;13/07/2026 14:53;13/07/2026 14:57;EMRP_IND;EQUIPAMENTO;;;;;;;;;;;GIULIO;13/07/2026 08:10;;;;;;;FALSE;*;;BRL;SEO;;;;;;;;;FALSE;;;;FALSE;;;;;;FALSE;;FALSE;FALSE;2;Precisa de Reprogramação;;;FALSE;FALSE;FALSE;FALSE;LAILA.ESTAGIO;100;OPE;OPERANDO;Não Obstrutivo;;;;;;FALSE;;;GIULIO;13/07/2026 08:10;;;FALSE;;;;;;;;;;FALSE;;TAREFA DE TRABALHO;TLG;207586;VCP (Suzano) - Inspeção rotineira da Estação;207586;;;;TLG;MSGAS;35821;TLG1-VCP;FIBRIA PAPEL E CELULOSE
;FALSE;207899;50;13/07/2026 08:00;3;M-UFN - Inspeção rotineira da Estação;Concluído;13/07/2026 11:00;;TLG1-M-UFN;UFN3 - ESTAÇÃO DE MEDIÇÃO;INSP;TLG;;EQUIPAMENTO;;;;;;13/07/2026 15:01;13/07/2026 15:02;EMRP_IND;EQUIPAMENTO;;;;;;;;;;;GIULIO;13/07/2026 08:10;;;;;;;FALSE;*;;BRL;SEO;;;;;;;;;FALSE;;;;FALSE;;;;;;FALSE;;FALSE;FALSE;2;Precisa de Reprogramação;;;FALSE;FALSE;FALSE;FALSE;LAILA.ESTAGIO;100;OPE;OPERANDO;Não Obstrutivo;;;;;;FALSE;;;GIULIO;13/07/2026 08:10;;;FALSE;;;;;;;;;;FALSE;;TAREFA DE TRABALHO;TLG;207587;M-UFN - Inspeção rotineira da Estação;207587;;;;TLG;MSGAS;35821;TLG1-M-UFN;UFN3 - ESTAÇÃO DE MEDIÇÃO
;FALSE;207900;60;13/07/2026 08:00;3;ERS2 - Inspeção rotineira da Estação;Concluído;13/07/2026 11:00;;TLG1-ERS2;ESTAÇÃO DE REDUÇÃO SECUNDÁRIA 2;INSP;TLG;;EQUIPAMENTO;;;;;;13/07/2026 15:11;13/07/2026 15:16;EMRP_IND;EQUIPAMENTO;;;;;;;;;;;GIULIO;13/07/2026 08:10;;;;;;;FALSE;*;;BRL;SEO;;;;;;;;;FALSE;;;;FALSE;;;;;;FALSE;;FALSE;FALSE;2;Precisa de Reprogramação;;;FALSE;FALSE;FALSE;FALSE;LAILA.ESTAGIO;100;OPE;OPERANDO;Não Obstrutivo;;;;;;FALSE;;;GIULIO;13/07/2026 08:10;;;FALSE;;;;;;;;;;FALSE;;TAREFA DE TRABALHO;TLG;207588;ERS2 - Inspeção rotineira da Estação;207588;;;;TLG;MSGAS;35821;TLG1-ERS2;ESTAÇÃO DE REDUÇÃO SECUNDÁRIA 2
;FALSE;207901;70;13/07/2026 08:00;3;ERS2-FE01 - Inspeção rotineira da Estação;Concluído;13/07/2026 11:00;;TLG1-ERS2-FE01;Medição Tramo 1;INSP;TLG;;EQUIPAMENTO;;;;;;13/07/2026 15:17;13/07/2026 15:20;;;;;;;;;;;;;GIULIO;13/07/2026 08:10;;;;;;;FALSE;*;;BRL;SEO;;;;;;;;;FALSE;;;;FALSE;;;;;;FALSE;;FALSE;FALSE;2;Precisa de Reprogramação;;;FALSE;FALSE;FALSE;FALSE;LAILA.ESTAGIO;100;OPE;OPERANDO;Não Obstrutivo;;;;;;FALSE;;;GIULIO;13/07/2026 08:10;;;FALSE;;;;;;;;;;FALSE;;TAREFA DE TRABALHO;TLG;207589;ERS2-FE01 - Inspeção rotineira da Estação;207589;;;;TLG;MSGAS;35821;TLG1-ERS2-FE01;Medição Tramo 1
;FALSE;207902;80;13/07/2026 08:00;3;ERS2-FE02 - Inspeção rotineira da Estação;Concluído;13/07/2026 11:00;;TLG1-ERS2-FE02;Medição Tramo 2;INSP;TLG;;EQUIPAMENTO;;;;;;13/07/2026 15:20;13/07/2026 15:20;;;;;;;;;;;;;GIULIO;13/07/2026 08:10;;;;;;;FALSE;*;;BRL;SEO;;;;;;;;;FALSE;;;;FALSE;;;;;;FALSE;;FALSE;FALSE;2;Precisa de Reprogramação;;;FALSE;FALSE;FALSE;FALSE;LAILA.ESTAGIO;100;OPE;OPERANDO;Não Obstrutivo;;;;;;FALSE;;;GIULIO;13/07/2026 08:10;;;FALSE;;;;;;;;;;FALSE;;TAREFA DE TRABALHO;TLG;207590;ERS2-FE02 - Inspeção rotineira da Estação;207590;;;;TLG;MSGAS;35821;TLG1-ERS2-FE02;Medição Tramo 2
;FALSE;207903;90;13/07/2026 08:00;3;ERS2-FE03 - Inspeção rotineira da Estação;Concluído;13/07/2026 11:00;;TLG1-ERS2-FE03;Medição Tramo 3;INSP;TLG;;EQUIPAMENTO;;;;;;13/07/2026 15:21;13/07/2026 15:21;;;;;;;;;;;;;GIULIO;13/07/2026 08:10;;;;;;;FALSE;*;;BRL;SEO;;;;;;;;;FALSE;;;;FALSE;;;;;;FALSE;;FALSE;FALSE;2;Precisa de Reprogramação;;;FALSE;FALSE;FALSE;FALSE;LAILA.ESTAGIO;100;OPE;OPERANDO;Não Obstrutivo;;;;;;FALSE;;;GIULIO;13/07/2026 08:10;;;FALSE;;;;;;;;;;FALSE;;TAREFA DE TRABALHO;TLG;207591;ERS2-FE03 - Inspeção rotineira da Estação;207591;;;;TLG;MSGAS;35821;TLG1-ERS2-FE03;Medição Tramo 3
;FALSE;207904;100;13/07/2026 08:00;3;CARGILL - Inspeção rotineira da Estação;Concluído;13/07/2026 11:00;;TLG2-CGL;ESTAÇÃO CARGILL;INSP;TLG;;EQUIPAMENTO;;;;;;13/07/2026 16:05;13/07/2026 16:10;EMRP_IND;EQUIPAMENTO;;;;;;;;;;;GIULIO;13/07/2026 08:10;;;;;;;FALSE;*;;BRL;SEO;;;;;;;;;FALSE;;;;FALSE;;;;;;FALSE;;FALSE;FALSE;2;Precisa de Reprogramação;;;FALSE;FALSE;FALSE;FALSE;GIULIO;100;OPE;OPERANDO;Não Obstrutivo;;;;;;FALSE;;;GIULIO;13/07/2026 08:10;;;FALSE;;;;;;;;;;FALSE;;TAREFA DE TRABALHO;TLG;207592;CARGILL - Inspeção rotineira da Estação;207592;;;;TLG;MSGAS;35821;TLG2-CGL;ESTAÇÃO CARGILL
;FALSE;207905;110;13/07/2026 08:00;3;TLG1-VE-02 - Inspeção rotineira da Estação;Concluído;13/07/2026 11:00;;TLG1-VE-02;VBA - KM 18;INSP;TLG;;EQUIPAMENTO;;;;;;13/07/2026 15:10;13/07/2026 15:10;;;;;;;;;;;;;GIULIO;13/07/2026 08:10;;;;;;;FALSE;*;;BRL;SEO;;;;;;;;;FALSE;;;;FALSE;;;;;;FALSE;;FALSE;FALSE;2;Precisa de Reprogramação;;;FALSE;FALSE;FALSE;FALSE;LAILA.ESTAGIO;100;OPE;OPERANDO;Não Obstrutivo;;;;;;FALSE;;;GIULIO;13/07/2026 08:10;;;FALSE;;;;;;;;;;FALSE;;TAREFA DE TRABALHO;TLG;207593;TLG1-VE-02 - Inspeção rotineira da Estação;207593;;;;TLG;MSGAS;35821;TLG1-VE-02;VBA - KM 18
;FALSE;208204;10;20/07/2026 08:00;1;Transferência de odorante e recarga de tanque da odorizadora;Concluído;20/07/2026 09:00;Transferência de odorante e recarga;TLG1-UO;UNIDADE DE ODORIZAÇÃO;OPE;TLG;;EQUIPAMENTO;;;20/07/2026 08:00;;24/07/2026 17:00;20/07/2026 09:29;24/07/2026 11:26;;;;;;;;;;;;;JOAO.VICTOR;17/07/2026 17:01;;;;;;;FALSE;*;;BRL;SEO;;;;;;;;;FALSE;;;;FALSE;;;;;;FALSE;;FALSE;FALSE;2;Precisa de Reprogramação;;;FALSE;FALSE;FALSE;FALSE;JOAO.VICTOR;100;OPE;OPERANDO;Não Obstrutivo;1;Transferência de odorante e recarga do tanque da odorizadora;;;;FALSE;;;JOAO.VICTOR;17/07/2026 17:01;REC-ODO;;FALSE;;;;;;;;;;FALSE;;AÇÃO DE MP;;5292-1;;5292;1;77;1;TLG;MSGAS;35944;TLG1-UO;UNIDADE DE ODORIZAÇÃO
;FALSE;208227;60;20/07/2026 08:00;7;Inspeção rotineira da EMRP - POSTO ALIANÇA;Serviço Iniciado;20/07/2026 16:00;;CGRE-EAL-001;POSTO ALIANÇA;INSP;OCGR;;EQUIPAMENTO;;;20/07/2026 08:00;;24/07/2026 17:00;17/08/2026 08:28;;;;;;;;;;;;;;JOAO.VICTOR;17/07/2026 17:16;;;;;;;FALSE;*;;BRL;SEO;;;;;;;;;FALSE;;;;FALSE;;;;;;FALSE;;FALSE;FALSE;2;Precisa de Reprogramação;;;FALSE;FALSE;FALSE;FALSE;FELIPEL;0;OPE;OPERANDO;Não Obstrutivo;;;;;;FALSE;;;JOAO.VICTOR;17/07/2026 17:16;CENTRAL;;FALSE;;;;;;;;;;FALSE;;AÇÃO DE MP;;3524-1;;3524;1;307;1;CGR;MSGAS;35954;CGRE-EAL-001;POSTO ALIANÇA
;;210824;;;;;;;;;;;;;;;;;;;;;;;;;;;;;;;;;;;;;;;;;;;;;;;;;;;;;;;;;;;;;;;;;;;;;;;;;;;;;;;;;;;;;;;;;;;;;;;;;;;;;;;;;;;;;;;;;;;;;
